Workbook

Sheet Start Here
B2: Start Here
B3: Welcome to Loadscope™. Here's how to find your best load from a range trip.
B5: How to label your CSVs
B6: Type the label as your session name in Garmin ShotView, your group name in BallisticX, or by renaming the CSV file after export. Loadscope reads it from any of those.
B7: Each label has 3 parts, separated by spaces: [ test tag ] [ grains of powder ] [ powder type ]
B8: Example label | D8: What each part means
B9: P1 45.5 H4350 | D9: P1 → Powder Ladder, Load #1 45.5 → 45.5 grains of powder H4350 → Powder type (Hodgdon H4350)
B10: S7 0.070 H4350 | D10: S7 → Seating Depth, Test #7 0.070 → 0.070-inch jump distance H4350 → Powder type (Hodgdon H4350)
B12: How to import your range data
B13: ① | C13: Drop your properly labeled Garmin Xero and BallisticX CSV files onto Loadscope — either onto the app icon in your Dock, or onto the drop zone in the Loadscope window.
B14: ② | C14: Click Run Import. Loadscope sorts the files into the right folders and writes the data into your workbook.
B15: ③ | C15: Your workbook opens in Excel with every row filled in. Visit the Charts tab to see your suggested winner.
B17: What's on each tab
B18: Load Log | C18: Your powder ladder. Date, powder, bullet, and cartridge auto-fill from your CSVs. You fill in your rifle setup once (rifle, scope, click size, primer, brass, CBTO, OAL) — those values flow into Seating Depth, Ballistics, and your Pocket Range Card automatically. The orange button jumps you to Charts.
B19: Seating Depth | C19: Your seating-depth test data. Same idea as Load Log, one row per jump distance.
B20: Charts | C20: Your suggested best load. Loadscope ranks every powder ladder candidate by composite score. Save the winner to your Library with one click.
B21: Ballistics | C21: Your DOPE table. Type in the elevation and wind values you dialed at the range — click counts auto-fill. Print a 4×6 Pocket Range Card from the orange button.
B22: Load Library | C22: Every confirmed load you've saved over time, one row per load.
B23: Garmin Xero & BallisticX Import | C23: Auto-populated from your CSVs. You usually won't need to edit these — they feed Load Log + Seating Depth.
B25: Starting a new load cycle (different cartridge, bullet, or powder)
B26: In Loadscope, click Workbook → Start New Cycle… and give it a name like "6.5 CM 140 ELD-M H4350." Loadscope archives your finished workbook and CSVs, then makes a fresh workbook your active one. From there, drop your new CSVs in and click Run Import.
B28: Something not working?
B29: Excel says 'Protected View' | D29: macOS marks files from email or AirDrop as untrusted. Click the yellow Enable Editing bar at the top of the workbook.
B30: A row stays blank | D30: The first word of the Garmin label or BallisticX file name must match the row's tag (P1, P2, S1, etc.).
B31: Charge or Jump value is blank | D31: The label was missing the number or had a typo. Open the Garmin Xero Import or BallisticX Import tab and fix it directly.
B32: Run Import won't go | D32: Excel is probably open. Close Excel (Cmd+Q) and click Run Import again.
B33: Click counts on Ballistics look wrong | D33: Check the Click: dropdown on the Load Log tab and pick the right one for your scope.
B34: Charts tab is empty | D34: Loadscope needs at least 2 candidate loads with BOTH chronograph AND target data to score them. Drop more CSVs and re-run import.
B35: Print Pocket Range Card button does nothing | D35: Make sure Loadscope is in /Applications and you've opened it once. The button uses a loadscope:// URL that needs the app registered.
B37: Need more help? See Loadscope — Quick Start.docx in your project folder · 🖨 Cmd+P to print this page.
B38: 📧 Email us: support@loadscope.app

Sheet Powder Charge Log
A1: Powder Charge Test — Best Charge Finder
A2: SUGGESTED CHARGE → | D2: 42.4 | F2: Avg Vel: | G2: 2780 | I2: SD: | J2: 2.5 | K2: MR: | L2: 0.18 | M2: Best in: All metrics ✓
A3: ↓ Click here to jump to the Charts sheet (Suggested Best Load) ↓
A4: RIFLE & SHOOTER
A5: Rifle: | B5: Tikka T3X CTR 6.5 CM | F5: Shooter: | G5: Demo Shooter | K5: Cartridge: | L5: 6.5 Creedmoor
A6: Barrel: | B6: 24" 1:8 twist, threaded muzzle | F6: Optic: | G6: Leupold Mark 5HD 5-25x56 | K6: Chrono: | L6: Garmin Xero C1 Pro
F7: Turret: | G7: 0.1 Mil
A8: LOAD COMPONENTS (constants for this powder ladder)
A9: Bullet: | B9: Hornady 140gr ELD-M | F9: Powder: | G9: =IFERROR(LOOKUP(2,1/(GarminSessions!$C$2:$C$200<>""),GarminSessions!$C$2:$C$200),"") -> H4350 | K9: Primer: | L9: CCI BR-2 | N9: Brass: | O9: Hornady
A10: CBTO: | B10: 2.224 | F10: OAL: | G10: 2.875 | K10: Dist: | L10: 100
A12: TEST SESSION (date / conditions)
A13: Date: | B13: 46124 | F13: Temp: | G13: 68 | K13: Notes: | L13: Sunny, light breeze. 1500 ft DA.
A15: Load # | B15: Charge (gr) | C15: Shot 1 | D15: Shot 2 | E15: Shot 3 | F15: Shot 4 | G15: Shot 5 | H15: Avg Vel | I15: ES | J15: SD | K15: Group (in) | L15: Vertical (in) | M15: Vertical SD (in) | N15: Mean Radius (in) | O15: Composite Score | P15: Winner
A16: 1 | B16: =IFERROR(LOOKUP(2,1/(GarminSessions!$A$2:$A$200="P1"),GarminSessions!$B$2:$B$200),NA()) -> 41.5 | C16: =IF(OR('Garmin Xero Import'!E6="",'Garmin Xero Import'!E6=0),"",'Garmin Xero Import'!E6) -> 2710 | D16: =IF(OR('Garmin Xero Import'!F6="",'Garmin Xero Import'!F6=0),"",'Garmin Xero Import'!F6) -> 2718 | E16: =IF(OR('Garmin Xero Import'!G6="",'Garmin Xero Import'!G6=0),"",'Garmin Xero Import'!G6) -> 2705 | F16: =IF(OR('Garmin Xero Import'!H6="",'Garmin Xero Import'!H6=0),"",'Garmin Xero Import'!H6) -> 2720 | G16: =IF(OR('Garmin Xero Import'!I6="",'Garmin Xero Import'!I6=0),"",'Garmin Xero Import'!I6) -> 2715 | H16: =IF(OR('Garmin Xero Import'!O6="",'Garmin Xero Import'!O6=0),NA(),'Garmin Xero Import'!O6) -> 2715 | I16: =IF(OR('Garmin Xero Import'!Q6="",'Garmin Xero Import'!Q6=0),"",'Garmin Xero Import'!Q6) -> 19 | J16: =IF(OR('Garmin Xero Import'!P6="",'Garmin Xero Import'!P6=0),NA(),'Garmin Xero Import'!P6) -> 6.7 | K16: =IF(OR('BallisticX Import'!D6="",'BallisticX Import'!D6=0),NA(),'BallisticX Import'!D6) -> 0.62 | L16: =IF(OR('BallisticX Import'!F6="",'BallisticX Import'!F6=0),"",'BallisticX Import'!F6) -> 0.55 | M16: =IF(OR('BallisticX Import'!J6="",'BallisticX Import'!J6=0),"",'BallisticX Import'!J6) -> 0.2 | N16: =IF(OR('BallisticX Import'!G6="",'BallisticX Import'!G6=0),"",'BallisticX Import'!G6) -> 0.31 | O16: 0.606
A17: 2 | B17: =IFERROR(LOOKUP(2,1/(GarminSessions!$A$2:$A$200="P2"),GarminSessions!$B$2:$B$200),NA()) -> 41.8 | C17: =IF(OR('Garmin Xero Import'!E7="",'Garmin Xero Import'!E7=0),"",'Garmin Xero Import'!E7) -> 2732 | D17: =IF(OR('Garmin Xero Import'!F7="",'Garmin Xero Import'!F7=0),"",'Garmin Xero Import'!F7) -> 2748 | E17: =IF(OR('Garmin Xero Import'!G7="",'Garmin Xero Import'!G7=0),"",'Garmin Xero Import'!G7) -> 2725 | F17: =IF(OR('Garmin Xero Import'!H7="",'Garmin Xero Import'!H7=0),"",'Garmin Xero Import'!H7) -> 2740 | G17: =IF(OR('Garmin Xero Import'!I7="",'Garmin Xero Import'!I7=0),"",'Garmin Xero Import'!I7) -> 2738 | H17: =IF(OR('Garmin Xero Import'!O7="",'Garmin Xero Import'!O7=0),NA(),'Garmin Xero Import'!O7) -> 2737 | I17: =IF(OR('Garmin Xero Import'!Q7="",'Garmin Xero Import'!Q7=0),"",'Garmin Xero Import'!Q7) -> 23 | J17: =IF(OR('Garmin Xero Import'!P7="",'Garmin Xero Import'!P7=0),NA(),'Garmin Xero Import'!P7) -> 7.8 | K17: =IF(OR('BallisticX Import'!D7="",'BallisticX Import'!D7=0),NA(),'BallisticX Import'!D7) -> 0.81 | L17: =IF(OR('BallisticX Import'!F7="",'BallisticX Import'!F7=0),"",'BallisticX Import'!F7) -> 0.72 | M17: =IF(OR('BallisticX Import'!J7="",'BallisticX Import'!J7=0),"",'BallisticX Import'!J7) -> 0.26 | N17: =IF(OR('BallisticX Import'!G7="",'BallisticX Import'!G7=0),"",'BallisticX Import'!G7) -> 0.42 | O17: 1
A18: 3 | B18: =IFERROR(LOOKUP(2,1/(GarminSessions!$A$2:$A$200="P3"),GarminSessions!$B$2:$B$200),NA()) -> 42.1 | C18: =IF(OR('Garmin Xero Import'!E8="",'Garmin Xero Import'!E8=0),"",'Garmin Xero Import'!E8) -> 2755 | D18: =IF(OR('Garmin Xero Import'!F8="",'Garmin Xero Import'!F8=0),"",'Garmin Xero Import'!F8) -> 2762 | E18: =IF(OR('Garmin Xero Import'!G8="",'Garmin Xero Import'!G8=0),"",'Garmin Xero Import'!G8) -> 2750 | F18: =IF(OR('Garmin Xero Import'!H8="",'Garmin Xero Import'!H8=0),"",'Garmin Xero Import'!H8) -> 2768 | G18: =IF(OR('Garmin Xero Import'!I8="",'Garmin Xero Import'!I8=0),"",'Garmin Xero Import'!I8) -> 2760 | H18: =IF(OR('Garmin Xero Import'!O8="",'Garmin Xero Import'!O8=0),NA(),'Garmin Xero Import'!O8) -> 2760 | I18: =IF(OR('Garmin Xero Import'!Q8="",'Garmin Xero Import'!Q8=0),"",'Garmin Xero Import'!Q8) -> 20 | J18: =IF(OR('Garmin Xero Import'!P8="",'Garmin Xero Import'!P8=0),NA(),'Garmin Xero Import'!P8) -> 6.4 | K18: =IF(OR('BallisticX Import'!D8="",'BallisticX Import'!D8=0),NA(),'BallisticX Import'!D8) -> 0.45 | L18: =IF(OR('BallisticX Import'!F8="",'BallisticX Import'!F8=0),"",'BallisticX Import'!F8) -> 0.4 | M18: =IF(OR('BallisticX Import'!J8="",'BallisticX Import'!J8=0),"",'BallisticX Import'!J8) -> 0.14 | N18: =IF(OR('BallisticX Import'!G8="",'BallisticX Import'!G8=0),"",'BallisticX Import'!G8) -> 0.22 | O18: 0.272 | P18: 🥈 2nd
A19: 4 | B19: =IFERROR(LOOKUP(2,1/(GarminSessions!$A$2:$A$200="P4"),GarminSessions!$B$2:$B$200),NA()) -> 42.4 | C19: =IF(OR('Garmin Xero Import'!E9="",'Garmin Xero Import'!E9=0),"",'Garmin Xero Import'!E9) -> 2778 | D19: =IF(OR('Garmin Xero Import'!F9="",'Garmin Xero Import'!F9=0),"",'Garmin Xero Import'!F9) -> 2782 | E19: =IF(OR('Garmin Xero Import'!G9="",'Garmin Xero Import'!G9=0),"",'Garmin Xero Import'!G9) -> 2776 | F19: =IF(OR('Garmin Xero Import'!H9="",'Garmin Xero Import'!H9=0),"",'Garmin Xero Import'!H9) -> 2784 | G19: =IF(OR('Garmin Xero Import'!I9="",'Garmin Xero Import'!I9=0),"",'Garmin Xero Import'!I9) -> 2780 | H19: =IF(OR('Garmin Xero Import'!O9="",'Garmin Xero Import'!O9=0),NA(),'Garmin Xero Import'!O9) -> 2780 | I19: =IF(OR('Garmin Xero Import'!Q9="",'Garmin Xero Import'!Q9=0),"",'Garmin Xero Import'!Q9) -> 8 | J19: =IF(OR('Garmin Xero Import'!P9="",'Garmin Xero Import'!P9=0),NA(),'Garmin Xero Import'!P9) -> 2.5 | K19: =IF(OR('BallisticX Import'!D9="",'BallisticX Import'!D9=0),NA(),'BallisticX Import'!D9) -> 0.38 | L19: =IF(OR('BallisticX Import'!F9="",'BallisticX Import'!F9=0),"",'BallisticX Import'!F9) -> 0.32 | M19: =IF(OR('BallisticX Import'!J9="",'BallisticX Import'!J9=0),"",'BallisticX Import'!J9) -> 0.12 | N19: =IF(OR('BallisticX Import'!G9="",'BallisticX Import'!G9=0),"",'BallisticX Import'!G9) -> 0.18 | O19: 0.001 | P19: 🥇 WINNER
A20: 5 | B20: =IFERROR(LOOKUP(2,1/(GarminSessions!$A$2:$A$200="P5"),GarminSessions!$B$2:$B$200),NA()) -> 42.7 | C20: =IF(OR('Garmin Xero Import'!E10="",'Garmin Xero Import'!E10=0),"",'Garmin Xero Import'!E10) -> 2798 | D20: =IF(OR('Garmin Xero Import'!F10="",'Garmin Xero Import'!F10=0),"",'Garmin Xero Import'!F10) -> 2805 | E20: =IF(OR('Garmin Xero Import'!G10="",'Garmin Xero Import'!G10=0),"",'Garmin Xero Import'!G10) -> 2795 | F20: =IF(OR('Garmin Xero Import'!H10="",'Garmin Xero Import'!H10=0),"",'Garmin Xero Import'!H10) -> 2812 | G20: =IF(OR('Garmin Xero Import'!I10="",'Garmin Xero Import'!I10=0),"",'Garmin Xero Import'!I10) -> 2800 | H20: =IF(OR('Garmin Xero Import'!O10="",'Garmin Xero Import'!O10=0),NA(),'Garmin Xero Import'!O10) -> 2803 | I20: =IF(OR('Garmin Xero Import'!Q10="",'Garmin Xero Import'!Q10=0),"",'Garmin Xero Import'!Q10) -> 17 | J20: =IF(OR('Garmin Xero Import'!P10="",'Garmin Xero Import'!P10=0),NA(),'Garmin Xero Import'!P10) -> 5.6 | K20: =IF(OR('BallisticX Import'!D10="",'BallisticX Import'!D10=0),NA(),'BallisticX Import'!D10) -> 0.58 | L20: =IF(OR('BallisticX Import'!F10="",'BallisticX Import'!F10=0),"",'BallisticX Import'!F10) -> 0.52 | M20: =IF(OR('BallisticX Import'!J10="",'BallisticX Import'!J10=0),"",'BallisticX Import'!J10) -> 0.18 | N20: =IF(OR('BallisticX Import'!G10="",'BallisticX Import'!G10=0),"",'BallisticX Import'!G10) -> 0.29 | O20: 0.477 | P20: 🥉 3rd
A21: 6 | B21: =IFERROR(LOOKUP(2,1/(GarminSessions!$A$2:$A$200="P6"),GarminSessions!$B$2:$B$200),NA()) -> #N/A | C21: =IF(OR('Garmin Xero Import'!E11="",'Garmin Xero Import'!E11=0),"",'Garmin Xero Import'!E11) | D21: =IF(OR('Garmin Xero Import'!F11="",'Garmin Xero Import'!F11=0),"",'Garmin Xero Import'!F11) | E21: =IF(OR('Garmin Xero Import'!G11="",'Garmin Xero Import'!G11=0),"",'Garmin Xero Import'!G11) | F21: =IF(OR('Garmin Xero Import'!H11="",'Garmin Xero Import'!H11=0),"",'Garmin Xero Import'!H11) | G21: =IF(OR('Garmin Xero Import'!I11="",'Garmin Xero Import'!I11=0),"",'Garmin Xero Import'!I11) | H21: =IF(OR('Garmin Xero Import'!O11="",'Garmin Xero Import'!O11=0),NA(),'Garmin Xero Import'!O11) -> #N/A | I21: =IF(OR('Garmin Xero Import'!Q11="",'Garmin Xero Import'!Q11=0),"",'Garmin Xero Import'!Q11) | J21: =IF(OR('Garmin Xero Import'!P11="",'Garmin Xero Import'!P11=0),NA(),'Garmin Xero Import'!P11) -> #N/A | K21: =IF(OR('BallisticX Import'!D11="",'BallisticX Import'!D11=0),NA(),'BallisticX Import'!D11) -> #N/A | L21: =IF(OR('BallisticX Import'!F11="",'BallisticX Import'!F11=0),"",'BallisticX Import'!F11) | M21: =IF(OR('BallisticX Import'!J11="",'BallisticX Import'!J11=0),"",'BallisticX Import'!J11) | N21: =IF(OR('BallisticX Import'!G11="",'BallisticX Import'!G11=0),"",'BallisticX Import'!G11) | O21: =NA() -> #N/A
A22: 7 | B22: =IFERROR(LOOKUP(2,1/(GarminSessions!$A$2:$A$200="P7"),GarminSessions!$B$2:$B$200),NA()) -> #N/A | C22: =IF(OR('Garmin Xero Import'!E12="",'Garmin Xero Import'!E12=0),"",'Garmin Xero Import'!E12) | D22: =IF(OR('Garmin Xero Import'!F12="",'Garmin Xero Import'!F12=0),"",'Garmin Xero Import'!F12) | E22: =IF(OR('Garmin Xero Import'!G12="",'Garmin Xero Import'!G12=0),"",'Garmin Xero Import'!G12) | F22: =IF(OR('Garmin Xero Import'!H12="",'Garmin Xero Import'!H12=0),"",'Garmin Xero Import'!H12) | G22: =IF(OR('Garmin Xero Import'!I12="",'Garmin Xero Import'!I12=0),"",'Garmin Xero Import'!I12) | H22: =IF(OR('Garmin Xero Import'!O12="",'Garmin Xero Import'!O12=0),NA(),'Garmin Xero Import'!O12) -> #N/A | I22: =IF(OR('Garmin Xero Import'!Q12="",'Garmin Xero Import'!Q12=0),"",'Garmin Xero Import'!Q12) | J22: =IF(OR('Garmin Xero Import'!P12="",'Garmin Xero Import'!P12=0),NA(),'Garmin Xero Import'!P12) -> #N/A | K22: =IF(OR('BallisticX Import'!D12="",'BallisticX Import'!D12=0),NA(),'BallisticX Import'!D12) -> #N/A | L22: =IF(OR('BallisticX Import'!F12="",'BallisticX Import'!F12=0),"",'BallisticX Import'!F12) | M22: =IF(OR('BallisticX Import'!J12="",'BallisticX Import'!J12=0),"",'BallisticX Import'!J12) | N22: =IF(OR('BallisticX Import'!G12="",'BallisticX Import'!G12=0),"",'BallisticX Import'!G12) | O22: =NA() -> #N/A
A23: 8 | B23: =IFERROR(LOOKUP(2,1/(GarminSessions!$A$2:$A$200="P8"),GarminSessions!$B$2:$B$200),NA()) -> #N/A | C23: =IF(OR('Garmin Xero Import'!E13="",'Garmin Xero Import'!E13=0),"",'Garmin Xero Import'!E13) | D23: =IF(OR('Garmin Xero Import'!F13="",'Garmin Xero Import'!F13=0),"",'Garmin Xero Import'!F13) | E23: =IF(OR('Garmin Xero Import'!G13="",'Garmin Xero Import'!G13=0),"",'Garmin Xero Import'!G13) | F23: =IF(OR('Garmin Xero Import'!H13="",'Garmin Xero Import'!H13=0),"",'Garmin Xero Import'!H13) | G23: =IF(OR('Garmin Xero Import'!I13="",'Garmin Xero Import'!I13=0),"",'Garmin Xero Import'!I13) | H23: =IF(OR('Garmin Xero Import'!O13="",'Garmin Xero Import'!O13=0),NA(),'Garmin Xero Import'!O13) -> #N/A | I23: =IF(OR('Garmin Xero Import'!Q13="",'Garmin Xero Import'!Q13=0),"",'Garmin Xero Import'!Q13) | J23: =IF(OR('Garmin Xero Import'!P13="",'Garmin Xero Import'!P13=0),NA(),'Garmin Xero Import'!P13) -> #N/A | K23: =IF(OR('BallisticX Import'!D13="",'BallisticX Import'!D13=0),NA(),'BallisticX Import'!D13) -> #N/A | L23: =IF(OR('BallisticX Import'!F13="",'BallisticX Import'!F13=0),"",'BallisticX Import'!F13) | M23: =IF(OR('BallisticX Import'!J13="",'BallisticX Import'!J13=0),"",'BallisticX Import'!J13) | N23: =IF(OR('BallisticX Import'!G13="",'BallisticX Import'!G13=0),"",'BallisticX Import'!G13) | O23: =NA() -> #N/A
A24: 9 | B24: =IFERROR(LOOKUP(2,1/(GarminSessions!$A$2:$A$200="P9"),GarminSessions!$B$2:$B$200),NA()) -> #N/A | C24: =IF(OR('Garmin Xero Import'!E14="",'Garmin Xero Import'!E14=0),"",'Garmin Xero Import'!E14) | D24: =IF(OR('Garmin Xero Import'!F14="",'Garmin Xero Import'!F14=0),"",'Garmin Xero Import'!F14) | E24: =IF(OR('Garmin Xero Import'!G14="",'Garmin Xero Import'!G14=0),"",'Garmin Xero Import'!G14) | F24: =IF(OR('Garmin Xero Import'!H14="",'Garmin Xero Import'!H14=0),"",'Garmin Xero Import'!H14) | G24: =IF(OR('Garmin Xero Import'!I14="",'Garmin Xero Import'!I14=0),"",'Garmin Xero Import'!I14) | H24: =IF(OR('Garmin Xero Import'!O14="",'Garmin Xero Import'!O14=0),NA(),'Garmin Xero Import'!O14) -> #N/A | I24: =IF(OR('Garmin Xero Import'!Q14="",'Garmin Xero Import'!Q14=0),"",'Garmin Xero Import'!Q14) | J24: =IF(OR('Garmin Xero Import'!P14="",'Garmin Xero Import'!P14=0),NA(),'Garmin Xero Import'!P14) -> #N/A | K24: =IF(OR('BallisticX Import'!D14="",'BallisticX Import'!D14=0),NA(),'BallisticX Import'!D14) -> #N/A | L24: =IF(OR('BallisticX Import'!F14="",'BallisticX Import'!F14=0),"",'BallisticX Import'!F14) | M24: =IF(OR('BallisticX Import'!J14="",'BallisticX Import'!J14=0),"",'BallisticX Import'!J14) | N24: =IF(OR('BallisticX Import'!G14="",'BallisticX Import'!G14=0),"",'BallisticX Import'!G14) | O24: =NA() -> #N/A
A25: 10 | B25: =IFERROR(LOOKUP(2,1/(GarminSessions!$A$2:$A$200="P10"),GarminSessions!$B$2:$B$200),NA()) -> #N/A | C25: =IF(OR('Garmin Xero Import'!E15="",'Garmin Xero Import'!E15=0),"",'Garmin Xero Import'!E15) | D25: =IF(OR('Garmin Xero Import'!F15="",'Garmin Xero Import'!F15=0),"",'Garmin Xero Import'!F15) | E25: =IF(OR('Garmin Xero Import'!G15="",'Garmin Xero Import'!G15=0),"",'Garmin Xero Import'!G15) | F25: =IF(OR('Garmin Xero Import'!H15="",'Garmin Xero Import'!H15=0),"",'Garmin Xero Import'!H15) | G25: =IF(OR('Garmin Xero Import'!I15="",'Garmin Xero Import'!I15=0),"",'Garmin Xero Import'!I15) | H25: =IF(OR('Garmin Xero Import'!O15="",'Garmin Xero Import'!O15=0),NA(),'Garmin Xero Import'!O15) -> #N/A | I25: =IF(OR('Garmin Xero Import'!Q15="",'Garmin Xero Import'!Q15=0),"",'Garmin Xero Import'!Q15) | J25: =IF(OR('Garmin Xero Import'!P15="",'Garmin Xero Import'!P15=0),NA(),'Garmin Xero Import'!P15) -> #N/A | K25: =IF(OR('BallisticX Import'!D15="",'BallisticX Import'!D15=0),NA(),'BallisticX Import'!D15) -> #N/A | L25: =IF(OR('BallisticX Import'!F15="",'BallisticX Import'!F15=0),"",'BallisticX Import'!F15) | M25: =IF(OR('BallisticX Import'!J15="",'BallisticX Import'!J15=0),"",'BallisticX Import'!J15) | N25: =IF(OR('BallisticX Import'!G15="",'BallisticX Import'!G15=0),"",'BallisticX Import'!G15) | O25: =NA() -> #N/A
A27: COMPARISON CHARTS

Sheet Charts
A1: SUGGESTED BEST LOAD — Velocity + SD + Group Cross-Check
A3: SUGGESTED CHARGE: | B3: 42.4 | D3: Composite: | E3: 0.001 | F3: SD: | G3: 2.5
D4: =IF($B$100="window","Vel Spread:","") | E4: =IF($B$100="window",IFERROR(INDEX(D18:D25,MATCH(MIN(L18:L25),L18:L25,0)),""),"") | F4: Group: | G4: 0.18
D5: Avg Vel: | E5: 2780 | F5: Best in: | G5: All metrics ✓
A6: → Save Suggested Load to Library ←
A7: Method: each middle charge of a 3-load window is scored on velocity spread, SD, mean radius (MOA), and Vertical SD (MOA) — each normalized 0-1, 0=best. Combined using the weights below (sum must = 1.0). Lowest composite score wins. Vertical SD falls back to Height, then MR, if the BallisticX export is missing the statistic.
A8: NOTE: Loadscope ranks the charges you entered by your weighted scoring criteria. It does not certify safe charges, recommend loads, or assess pressure. Always cross-reference every charge weight against current published load data from your powder, bullet, and cartridge manufacturers before shooting.
A10: WEIGHTS — adjust the blue cells to tune what matters most to you (must sum to 1.0).
A11: Velocity | B11: 0.3 | C11: SD | D11: 0.2 | E11: MR | F11: 0.2 | G11: Vertical SD | H11: 0.3 | I11: Sum: | J11: =SUM(B11,D11,F11,H11) -> 1
A12: → Reset weights to Loadscope defaults ←
A13: Powder ladder
A14: → Print This Workbook ←
A17: Charge | D17: Avg Vel (fps) | E17: SD (fps) | F17: Mean Radius (MOA) | G17: Vertical SD (MOA) | H17: Norm Vel | I17: Norm SD | J17: Norm MR | K17: Norm Vertical SD | L17: Composite Score | M17: Chart: Vel Spread | N17: Chart: SD | O17: Chart: MR | P17: Chart: Vert | Q17: Chart: Composite | R17: Best in (per row) | T17: Sort Charge | U17: Sort Vel
A18: =IFERROR(IF($B$100="window",'Powder Charge Log'!B17,IF('Powder Charge Log'!B16="","",'Powder Charge Log'!B16)),"") -> 41.5 | D18: 2715 | E18: 6.7 | F18: 0.31 | G18: 0.2 | H18: 0.558 | I18: 0.792 | J18: 0.542 | K18: 0.571 | L18: 0.606 | M18: =IF(D18="",NA(),H18) -> 0.558 | N18: =IF(D18="",NA(),I18) -> 0.792 | O18: =IF(D18="",NA(),J18) -> 0.542 | P18: =IF(D18="",NA(),K18) -> 0.571 | Q18: =IF(D18="",NA(),L18) -> 0.606 | R18: =IFERROR(IF(D18=_xludf.AGGREGATE(5,6,$D$18:$D$25),"Vel ✓ ","")&IF(E18=_xludf.AGGREGATE(5,6,$E$18:$E$25),"SD ✓ ","")&IF(F18=_xludf.AGGREGATE(5,6,$F$18:$F$25),"MR ✓ ","")&IF(G18=_xludf.AGGREGATE(5,6,$G$18:$G$25),"Vert ✓ ",""),"") | T18: 41.5 | U18: 2715
A19: =IFERROR(IF($B$100="window",'Powder Charge Log'!B18,IF('Powder Charge Log'!B17="","",'Powder Charge Log'!B17)),"") -> 41.8 | D19: 2737 | E19: 7.8 | F19: 0.42 | G19: 0.26 | H19: 1 | I19: 1 | J19: 1 | K19: 1 | L19: 1 | M19: =IF(D19="",NA(),H19) -> 1 | N19: =IF(D19="",NA(),I19) -> 1 | O19: =IF(D19="",NA(),J19) -> 1 | P19: =IF(D19="",NA(),K19) -> 1 | Q19: =IF(D19="",NA(),L19) -> 1 | R19: =IFERROR(IF(D19=_xludf.AGGREGATE(5,6,$D$18:$D$25),"Vel ✓ ","")&IF(E19=_xludf.AGGREGATE(5,6,$E$18:$E$25),"SD ✓ ","")&IF(F19=_xludf.AGGREGATE(5,6,$F$18:$F$25),"MR ✓ ","")&IF(G19=_xludf.AGGREGATE(5,6,$G$18:$G$25),"Vert ✓ ",""),"") | T19: 41.8 | U19: 2737
A20: =IFERROR(IF($B$100="window",'Powder Charge Log'!B19,IF('Powder Charge Log'!B18="","",'Powder Charge Log'!B18)),"") -> 42.1 | D20: 2760 | E20: 6.4 | F20: 0.22 | G20: 0.14 | H20: 0.163 | I20: 0.736 | J20: 0.167 | K20: 0.143 | L20: 0.272 | M20: =IF(D20="",NA(),H20) -> 0.163 | N20: =IF(D20="",NA(),I20) -> 0.736 | O20: =IF(D20="",NA(),J20) -> 0.167 | P20: =IF(D20="",NA(),K20) -> 0.143 | Q20: =IF(D20="",NA(),L20) -> 0.272 | R20: =IFERROR(IF(D20=_xludf.AGGREGATE(5,6,$D$18:$D$25),"Vel ✓ ","")&IF(E20=_xludf.AGGREGATE(5,6,$E$18:$E$25),"SD ✓ ","")&IF(F20=_xludf.AGGREGATE(5,6,$F$18:$F$25),"MR ✓ ","")&IF(G20=_xludf.AGGREGATE(5,6,$G$18:$G$25),"Vert ✓ ",""),"") | T20: 42.1 | U20: 2760
A21: =IFERROR(IF($B$100="window",'Powder Charge Log'!B20,IF('Powder Charge Log'!B19="","",'Powder Charge Log'!B19)),"") -> 42.4 | D21: 2780 | E21: 2.5 | F21: 0.18 | G21: 0.12 | H21: 0.001 | I21: 0.001 | J21: 0.001 | K21: 0.001 | L21: 0.001 | M21: =IF(D21="",NA(),H21) -> 0.001 | N21: =IF(D21="",NA(),I21) -> 0.001 | O21: =IF(D21="",NA(),J21) -> 0.001 | P21: =IF(D21="",NA(),K21) -> 0.001 | Q21: =IF(D21="",NA(),L21) -> 0.001 | R21: All metrics ✓ | T21: 42.4 | U21: 2780
A22: =IFERROR(IF($B$100="window",'Powder Charge Log'!B21,IF('Powder Charge Log'!B20="","",'Powder Charge Log'!B20)),"") -> 42.7 | D22: 2803 | E22: 5.6 | F22: 0.29 | G22: 0.18 | H22: 0.465 | I22: 0.585 | J22: 0.458 | K22: 0.429 | L22: 0.477 | M22: =IF(D22="",NA(),H22) -> 0.465 | N22: =IF(D22="",NA(),I22) -> 0.585 | O22: =IF(D22="",NA(),J22) -> 0.458 | P22: =IF(D22="",NA(),K22) -> 0.429 | Q22: =IF(D22="",NA(),L22) -> 0.477 | R22: =IFERROR(IF(D22=_xludf.AGGREGATE(5,6,$D$18:$D$25),"Vel ✓ ","")&IF(E22=_xludf.AGGREGATE(5,6,$E$18:$E$25),"SD ✓ ","")&IF(F22=_xludf.AGGREGATE(5,6,$F$18:$F$25),"MR ✓ ","")&IF(G22=_xludf.AGGREGATE(5,6,$G$18:$G$25),"Vert ✓ ",""),"") | T22: 42.7 | U22: 2803
A23: =IFERROR(IF($B$100="window",'Powder Charge Log'!B22,IF('Powder Charge Log'!B21="","",'Powder Charge Log'!B21)),"") | B23: =IFERROR(IF($B$100="window",'Powder Charge Log'!B21,""),"") | C23: =IFERROR(IF($B$100="window",'Powder Charge Log'!B23,""),"") | D23: =IF($B$100="window",IF(OR(A23="",B23="",C23=""),"",MAX('Powder Charge Log'!H21:H23)-MIN('Powder Charge Log'!H21:H23)),IF('Powder Charge Log'!H21="","",'Powder Charge Log'!H21)) -> #N/A | E23: =IF($B$100="window",IF(OR(A23="",B23="",C23=""),"",'Powder Charge Log'!J22),IF('Powder Charge Log'!J21="","",'Powder Charge Log'!J21)) -> #N/A | F23: =IF($B$100="window",IF(OR(A23="",B23="",C23=""),"",IFERROR(IF('Powder Charge Log'!N22="",'Powder Charge Log'!K22,'Powder Charge Log'!N22)/('Powder Charge Log'!$L$10/100)/1.047,"")),IFERROR(IF('Powder Charge Log'!N21="",'Powder Charge Log'!K21,'Powder Charge Log'!N21)/('Powder Charge Log'!$L$10/100)/1.047,"")) | G23: =IF($B$100="window",IF(OR(A23="",B23="",C23=""),"",IF('Powder Charge Log'!M22="",IF('Powder Charge Log'!L22="",F23,'Powder Charge Log'!L22/('Powder Charge Log'!$L$10/100)/1.047),'Powder Charge Log'!M22/('Powder Charge Log'!$L$10/100)/1.047)),IF('Powder Charge Log'!M21="",IF('Powder Charge Log'!L21="",F23,'Powder Charge Log'!L21/('Powder Charge Log'!$L$10/100)/1.047),'Powder Charge Log'!M21/('Powder Charge Log'!$L$10/100)/1.047)) | H23: =IF(D23="","",IFERROR((D23-_xludf.AGGREGATE(5,6,$D$18:$D$25))/(_xludf.AGGREGATE(4,6,$D$18:$D$25)-_xludf.AGGREGATE(5,6,$D$18:$D$25)),0)) -> #N/A | I23: =IF(E23="","",IFERROR((E23-_xludf.AGGREGATE(5,6,$E$18:$E$25))/(_xludf.AGGREGATE(4,6,$E$18:$E$25)-_xludf.AGGREGATE(5,6,$E$18:$E$25)),0)) -> #N/A | J23: =IF(F23="","",IFERROR((F23-_xludf.AGGREGATE(5,6,$F$18:$F$25))/(_xludf.AGGREGATE(4,6,$F$18:$F$25)-_xludf.AGGREGATE(5,6,$F$18:$F$25)),0)) | K23: =IF(G23="","",IFERROR((G23-_xludf.AGGREGATE(5,6,$G$18:$G$25))/(_xludf.AGGREGATE(4,6,$G$18:$G$25)-_xludf.AGGREGATE(5,6,$G$18:$G$25)),0)) | L23: =IF(A23="","",H23*$B$11+I23*$D$11+J23*$F$11+K23*$H$11) | M23: =IF(D23="",NA(),H23) -> #N/A | N23: =IF(D23="",NA(),I23) -> #N/A | O23: =IF(D23="",NA(),J23) -> #N/A | P23: =IF(D23="",NA(),K23) -> #N/A | Q23: =IF(D23="",NA(),L23) -> #N/A | R23: =IFERROR(IF(D23=_xludf.AGGREGATE(5,6,$D$18:$D$25),"Vel ✓ ","")&IF(E23=_xludf.AGGREGATE(5,6,$E$18:$E$25),"SD ✓ ","")&IF(F23=_xludf.AGGREGATE(5,6,$F$18:$F$25),"MR ✓ ","")&IF(G23=_xludf.AGGREGATE(5,6,$G$18:$G$25),"Vert ✓ ",""),"") | T23: =NA() -> #N/A | U23: =NA() -> #N/A
A24: =IFERROR(IF($B$100="window",'Powder Charge Log'!B23,IF('Powder Charge Log'!B22="","",'Powder Charge Log'!B22)),"") | B24: =IFERROR(IF($B$100="window",'Powder Charge Log'!B22,""),"") | C24: =IFERROR(IF($B$100="window",'Powder Charge Log'!B24,""),"") | D24: =IF($B$100="window",IF(OR(A24="",B24="",C24=""),"",MAX('Powder Charge Log'!H22:H24)-MIN('Powder Charge Log'!H22:H24)),IF('Powder Charge Log'!H22="","",'Powder Charge Log'!H22)) -> #N/A | E24: =IF($B$100="window",IF(OR(A24="",B24="",C24=""),"",'Powder Charge Log'!J23),IF('Powder Charge Log'!J22="","",'Powder Charge Log'!J22)) -> #N/A | F24: =IF($B$100="window",IF(OR(A24="",B24="",C24=""),"",IFERROR(IF('Powder Charge Log'!N23="",'Powder Charge Log'!K23,'Powder Charge Log'!N23)/('Powder Charge Log'!$L$10/100)/1.047,"")),IFERROR(IF('Powder Charge Log'!N22="",'Powder Charge Log'!K22,'Powder Charge Log'!N22)/('Powder Charge Log'!$L$10/100)/1.047,"")) | G24: =IF($B$100="window",IF(OR(A24="",B24="",C24=""),"",IF('Powder Charge Log'!M23="",IF('Powder Charge Log'!L23="",F24,'Powder Charge Log'!L23/('Powder Charge Log'!$L$10/100)/1.047),'Powder Charge Log'!M23/('Powder Charge Log'!$L$10/100)/1.047)),IF('Powder Charge Log'!M22="",IF('Powder Charge Log'!L22="",F24,'Powder Charge Log'!L22/('Powder Charge Log'!$L$10/100)/1.047),'Powder Charge Log'!M22/('Powder Charge Log'!$L$10/100)/1.047)) | H24: =IF(D24="","",IFERROR((D24-_xludf.AGGREGATE(5,6,$D$18:$D$25))/(_xludf.AGGREGATE(4,6,$D$18:$D$25)-_xludf.AGGREGATE(5,6,$D$18:$D$25)),0)) -> #N/A | I24: =IF(E24="","",IFERROR((E24-_xludf.AGGREGATE(5,6,$E$18:$E$25))/(_xludf.AGGREGATE(4,6,$E$18:$E$25)-_xludf.AGGREGATE(5,6,$E$18:$E$25)),0)) -> #N/A | J24: =IF(F24="","",IFERROR((F24-_xludf.AGGREGATE(5,6,$F$18:$F$25))/(_xludf.AGGREGATE(4,6,$F$18:$F$25)-_xludf.AGGREGATE(5,6,$F$18:$F$25)),0)) | K24: =IF(G24="","",IFERROR((G24-_xludf.AGGREGATE(5,6,$G$18:$G$25))/(_xludf.AGGREGATE(4,6,$G$18:$G$25)-_xludf.AGGREGATE(5,6,$G$18:$G$25)),0)) | L24: =IF(A24="","",H24*$B$11+I24*$D$11+J24*$F$11+K24*$H$11) | M24: =IF(D24="",NA(),H24) -> #N/A | N24: =IF(D24="",NA(),I24) -> #N/A | O24: =IF(D24="",NA(),J24) -> #N/A | P24: =IF(D24="",NA(),K24) -> #N/A | Q24: =IF(D24="",NA(),L24) -> #N/A | R24: =IFERROR(IF(D24=_xludf.AGGREGATE(5,6,$D$18:$D$25),"Vel ✓ ","")&IF(E24=_xludf.AGGREGATE(5,6,$E$18:$E$25),"SD ✓ ","")&IF(F24=_xludf.AGGREGATE(5,6,$F$18:$F$25),"MR ✓ ","")&IF(G24=_xludf.AGGREGATE(5,6,$G$18:$G$25),"Vert ✓ ",""),"") | T24: =NA() -> #N/A | U24: =NA() -> #N/A
A25: =IFERROR(IF($B$100="window",'Powder Charge Log'!B24,IF('Powder Charge Log'!B23="","",'Powder Charge Log'!B23)),"") | B25: =IFERROR(IF($B$100="window",'Powder Charge Log'!B23,""),"") | C25: =IFERROR(IF($B$100="window",'Powder Charge Log'!B25,""),"") | D25: =IF($B$100="window",IF(OR(A25="",B25="",C25=""),"",MAX('Powder Charge Log'!H23:H25)-MIN('Powder Charge Log'!H23:H25)),IF('Powder Charge Log'!H23="","",'Powder Charge Log'!H23)) -> #N/A | E25: =IF($B$100="window",IF(OR(A25="",B25="",C25=""),"",'Powder Charge Log'!J24),IF('Powder Charge Log'!J23="","",'Powder Charge Log'!J23)) -> #N/A | F25: =IF($B$100="window",IF(OR(A25="",B25="",C25=""),"",IFERROR(IF('Powder Charge Log'!N24="",'Powder Charge Log'!K24,'Powder Charge Log'!N24)/('Powder Charge Log'!$L$10/100)/1.047,"")),IFERROR(IF('Powder Charge Log'!N23="",'Powder Charge Log'!K23,'Powder Charge Log'!N23)/('Powder Charge Log'!$L$10/100)/1.047,"")) | G25: =IF($B$100="window",IF(OR(A25="",B25="",C25=""),"",IF('Powder Charge Log'!M24="",IF('Powder Charge Log'!L24="",F25,'Powder Charge Log'!L24/('Powder Charge Log'!$L$10/100)/1.047),'Powder Charge Log'!M24/('Powder Charge Log'!$L$10/100)/1.047)),IF('Powder Charge Log'!M23="",IF('Powder Charge Log'!L23="",F25,'Powder Charge Log'!L23/('Powder Charge Log'!$L$10/100)/1.047),'Powder Charge Log'!M23/('Powder Charge Log'!$L$10/100)/1.047)) | H25: =IF(D25="","",IFERROR((D25-_xludf.AGGREGATE(5,6,$D$18:$D$25))/(_xludf.AGGREGATE(4,6,$D$18:$D$25)-_xludf.AGGREGATE(5,6,$D$18:$D$25)),0)) -> #N/A | I25: =IF(E25="","",IFERROR((E25-_xludf.AGGREGATE(5,6,$E$18:$E$25))/(_xludf.AGGREGATE(4,6,$E$18:$E$25)-_xludf.AGGREGATE(5,6,$E$18:$E$25)),0)) -> #N/A | J25: =IF(F25="","",IFERROR((F25-_xludf.AGGREGATE(5,6,$F$18:$F$25))/(_xludf.AGGREGATE(4,6,$F$18:$F$25)-_xludf.AGGREGATE(5,6,$F$18:$F$25)),0)) | K25: =IF(G25="","",IFERROR((G25-_xludf.AGGREGATE(5,6,$G$18:$G$25))/(_xludf.AGGREGATE(4,6,$G$18:$G$25)-_xludf.AGGREGATE(5,6,$G$18:$G$25)),0)) | L25: =IF(A25="","",H25*$B$11+I25*$D$11+J25*$F$11+K25*$H$11) | M25: =IF(D25="",NA(),H25) -> #N/A | N25: =IF(D25="",NA(),I25) -> #N/A | O25: =IF(D25="",NA(),J25) -> #N/A | P25: =IF(D25="",NA(),K25) -> #N/A | Q25: =IF(D25="",NA(),L25) -> #N/A | R25: =IFERROR(IF(D25=_xludf.AGGREGATE(5,6,$D$18:$D$25),"Vel ✓ ","")&IF(E25=_xludf.AGGREGATE(5,6,$E$18:$E$25),"SD ✓ ","")&IF(F25=_xludf.AGGREGATE(5,6,$F$18:$F$25),"MR ✓ ","")&IF(G25=_xludf.AGGREGATE(5,6,$G$18:$G$25),"Vert ✓ ",""),"") | T25: =NA() -> #N/A | U25: =NA() -> #N/A
A27: COMPARISON CHARTS
A100: Mode: | B100: test

Sheet Seating Depth Log
A1: Seating Depth Test — Best Jump Finder
A2: SUGGESTED JUMP → | D2: 0.035 | F2: Vel: | G2: 2780.6 | I2: SD: | J2: 0.8 | K2: MR: | L2: 0.16 | M2: Vert: | N2: 0.1 | O2: Best in: All metrics ✓
A3: ↓ Click here to jump to the Charts sheet (Suggested Best Load) ↓
A4: RIFLE & SHOOTER
A5: Rifle: | B5: Tikka T3X CTR 6.5 CM | F5: Shooter: | G5: Demo Shooter | K5: Cartridge: | L5: 6.5 Creedmoor
A6: Barrel: | B6: 24" 1:8 twist, threaded muzzle | F6: Optic: | G6: Leupold Mark 5HD 5-25x56 | K6: Chrono: | L6: Garmin Xero C1 Pro
F7: Turret: | G7: 0.1 Mil
A8: LOAD COMPONENTS (constants for this seating-depth test)
A9: Bullet: | B9: Hornady 140gr ELD-M | F9: Powder: | G9: =IFERROR(LOOKUP(2,1/(GarminSessions!$C$2:$C$200<>""),GarminSessions!$C$2:$C$200),"") -> H4350 | K9: Primer: | L9: CCI BR-2 | N9: Brass: | O9: Hornady
A10: Charge: | B10: 42.4 | F10: OAL: | G10: 2.875 | K10: Dist: | L10: 100
A12: TEST SESSION (date / conditions)
A13: Date: | B13: 46138 | F13: Temp: | G13: 68 | K13: Notes: | L13: Sunny, light breeze. 1500 ft DA.
A15: Test # | B15: Jump (in) | C15: CBTO | D15: Shot 1 | E15: Shot 2 | F15: Shot 3 | G15: Shot 4 | H15: Shot 5 | I15: Avg Vel | J15: ES | K15: SD | L15: Group (in) | M15: Vertical (in) | N15: Vertical SD (in) | O15: Mean Radius (in) | P15: Notes
A16: 1 | B16: =IFERROR(LOOKUP(2,1/(GarminSessions!$A$2:$A$200="S1"),GarminSessions!$B$2:$B$200),NA()) -> 0.005 | C16: =IFERROR($G$10-B16,"") -> 2.87 | D16: =IF(OR('Garmin Xero Import'!E17="",'Garmin Xero Import'!E17=0),"",'Garmin Xero Import'!E17) -> 2782 | E16: =IF(OR('Garmin Xero Import'!F17="",'Garmin Xero Import'!F17=0),"",'Garmin Xero Import'!F17) -> 2778 | F16: =IF(OR('Garmin Xero Import'!G17="",'Garmin Xero Import'!G17=0),"",'Garmin Xero Import'!G17) -> 2780 | G16: =IF(OR('Garmin Xero Import'!H17="",'Garmin Xero Import'!H17=0),"",'Garmin Xero Import'!H17) -> 2784 | H16: =IF(OR('Garmin Xero Import'!I17="",'Garmin Xero Import'!I17=0),"",'Garmin Xero Import'!I17) -> 2780 | I16: =IF(OR('Garmin Xero Import'!O17="",'Garmin Xero Import'!O17=0),"",'Garmin Xero Import'!O17) -> 2781 | J16: =IF(OR('Garmin Xero Import'!Q17="",'Garmin Xero Import'!Q17=0),"",'Garmin Xero Import'!Q17) -> 6 | K16: =IF(OR('Garmin Xero Import'!P17="",'Garmin Xero Import'!P17=0),"",'Garmin Xero Import'!P17) -> 2.2 | L16: =IF(OR('BallisticX Import'!D17="",'BallisticX Import'!D17=0),"",'BallisticX Import'!D17) -> 0.55 | M16: =IF(OR('BallisticX Import'!F17="",'BallisticX Import'!F17=0),"",'BallisticX Import'!F17) -> 0.48 | N16: =IF(OR('BallisticX Import'!J17="",'BallisticX Import'!J17=0),"",'BallisticX Import'!J17) -> 0.17 | O16: 0.652
A17: 2 | B17: =IFERROR(LOOKUP(2,1/(GarminSessions!$A$2:$A$200="S2"),GarminSessions!$B$2:$B$200),NA()) -> 0.02 | C17: =IFERROR($G$10-B17,"") -> 2.855 | D17: =IF(OR('Garmin Xero Import'!E18="",'Garmin Xero Import'!E18=0),"",'Garmin Xero Import'!E18) -> 2780 | E17: =IF(OR('Garmin Xero Import'!F18="",'Garmin Xero Import'!F18=0),"",'Garmin Xero Import'!F18) -> 2778 | F17: =IF(OR('Garmin Xero Import'!G18="",'Garmin Xero Import'!G18=0),"",'Garmin Xero Import'!G18) -> 2782 | G17: =IF(OR('Garmin Xero Import'!H18="",'Garmin Xero Import'!H18=0),"",'Garmin Xero Import'!H18) -> 2776 | H17: =IF(OR('Garmin Xero Import'!I18="",'Garmin Xero Import'!I18=0),"",'Garmin Xero Import'!I18) -> 2780 | I17: =IF(OR('Garmin Xero Import'!O18="",'Garmin Xero Import'!O18=0),"",'Garmin Xero Import'!O18) -> 2780 | J17: =IF(OR('Garmin Xero Import'!Q18="",'Garmin Xero Import'!Q18=0),"",'Garmin Xero Import'!Q18) -> 8 | K17: =IF(OR('Garmin Xero Import'!P18="",'Garmin Xero Import'!P18=0),"",'Garmin Xero Import'!P18) -> 2.4 | L17: =IF(OR('BallisticX Import'!D18="",'BallisticX Import'!D18=0),"",'BallisticX Import'!D18) -> 0.41 | M17: =IF(OR('BallisticX Import'!F18="",'BallisticX Import'!F18=0),"",'BallisticX Import'!F18) -> 0.36 | N17: =IF(OR('BallisticX Import'!J18="",'BallisticX Import'!J18=0),"",'BallisticX Import'!J18) -> 0.13 | O17: 0.338 | P17: 🥈 2nd
A18: 3 | B18: =IFERROR(LOOKUP(2,1/(GarminSessions!$A$2:$A$200="S3"),GarminSessions!$B$2:$B$200),NA()) -> 0.035 | C18: =IFERROR($G$10-B18,"") -> 2.84 | D18: =IF(OR('Garmin Xero Import'!E19="",'Garmin Xero Import'!E19=0),"",'Garmin Xero Import'!E19) -> 2780 | E18: =IF(OR('Garmin Xero Import'!F19="",'Garmin Xero Import'!F19=0),"",'Garmin Xero Import'!F19) -> 2781 | F18: =IF(OR('Garmin Xero Import'!G19="",'Garmin Xero Import'!G19=0),"",'Garmin Xero Import'!G19) -> 2780 | G18: =IF(OR('Garmin Xero Import'!H19="",'Garmin Xero Import'!H19=0),"",'Garmin Xero Import'!H19) -> 2782 | H18: =IF(OR('Garmin Xero Import'!I19="",'Garmin Xero Import'!I19=0),"",'Garmin Xero Import'!I19) -> 2780 | I18: =IF(OR('Garmin Xero Import'!O19="",'Garmin Xero Import'!O19=0),"",'Garmin Xero Import'!O19) -> 2780.6 | J18: =IF(OR('Garmin Xero Import'!Q19="",'Garmin Xero Import'!Q19=0),"",'Garmin Xero Import'!Q19) -> 2 | K18: =IF(OR('Garmin Xero Import'!P19="",'Garmin Xero Import'!P19=0),"",'Garmin Xero Import'!P19) -> 0.8 | L18: =IF(OR('BallisticX Import'!D19="",'BallisticX Import'!D19=0),"",'BallisticX Import'!D19) -> 0.32 | M18: =IF(OR('BallisticX Import'!F19="",'BallisticX Import'!F19=0),"",'BallisticX Import'!F19) -> 0.27 | N18: =IF(OR('BallisticX Import'!J19="",'BallisticX Import'!J19=0),"",'BallisticX Import'!J19) -> 0.1 | O18: 0.001 | P18: 🥇 WINNER
A19: 4 | B19: =IFERROR(LOOKUP(2,1/(GarminSessions!$A$2:$A$200="S4"),GarminSessions!$B$2:$B$200),NA()) -> 0.05 | C19: =IFERROR($G$10-B19,"") -> 2.825 | D19: =IF(OR('Garmin Xero Import'!E20="",'Garmin Xero Import'!E20=0),"",'Garmin Xero Import'!E20) -> 2780 | E19: =IF(OR('Garmin Xero Import'!F20="",'Garmin Xero Import'!F20=0),"",'Garmin Xero Import'!F20) -> 2784 | F19: =IF(OR('Garmin Xero Import'!G20="",'Garmin Xero Import'!G20=0),"",'Garmin Xero Import'!G20) -> 2776 | G19: =IF(OR('Garmin Xero Import'!H20="",'Garmin Xero Import'!H20=0),"",'Garmin Xero Import'!H20) -> 2782 | H19: =IF(OR('Garmin Xero Import'!I20="",'Garmin Xero Import'!I20=0),"",'Garmin Xero Import'!I20) -> 2780 | I19: =IF(OR('Garmin Xero Import'!O20="",'Garmin Xero Import'!O20=0),"",'Garmin Xero Import'!O20) -> 2780 | J19: =IF(OR('Garmin Xero Import'!Q20="",'Garmin Xero Import'!Q20=0),"",'Garmin Xero Import'!Q20) -> 10 | K19: =IF(OR('Garmin Xero Import'!P20="",'Garmin Xero Import'!P20=0),"",'Garmin Xero Import'!P20) -> 3.4 | L19: =IF(OR('BallisticX Import'!D20="",'BallisticX Import'!D20=0),"",'BallisticX Import'!D20) -> 0.48 | M19: =IF(OR('BallisticX Import'!F20="",'BallisticX Import'!F20=0),"",'BallisticX Import'!F20) -> 0.42 | N19: =IF(OR('BallisticX Import'!J20="",'BallisticX Import'!J20=0),"",'BallisticX Import'!J20) -> 0.15 | O19: 0.559 | P19: 🥉 3rd
A20: 5 | B20: =IFERROR(LOOKUP(2,1/(GarminSessions!$A$2:$A$200="S5"),GarminSessions!$B$2:$B$200),NA()) -> 0.065 | C20: =IFERROR($G$10-B20,"") -> 2.81 | D20: =IF(OR('Garmin Xero Import'!E21="",'Garmin Xero Import'!E21=0),"",'Garmin Xero Import'!E21) -> 2780 | E20: =IF(OR('Garmin Xero Import'!F21="",'Garmin Xero Import'!F21=0),"",'Garmin Xero Import'!F21) -> 2786 | F20: =IF(OR('Garmin Xero Import'!G21="",'Garmin Xero Import'!G21=0),"",'Garmin Xero Import'!G21) -> 2774 | G20: =IF(OR('Garmin Xero Import'!H21="",'Garmin Xero Import'!H21=0),"",'Garmin Xero Import'!H21) -> 2784 | H20: =IF(OR('Garmin Xero Import'!I21="",'Garmin Xero Import'!I21=0),"",'Garmin Xero Import'!I21) -> 2776 | I20: =IF(OR('Garmin Xero Import'!O21="",'Garmin Xero Import'!O21=0),"",'Garmin Xero Import'!O21) -> 2780 | J20: =IF(OR('Garmin Xero Import'!Q21="",'Garmin Xero Import'!Q21=0),"",'Garmin Xero Import'!Q21) -> 14 | K20: =IF(OR('Garmin Xero Import'!P21="",'Garmin Xero Import'!P21=0),"",'Garmin Xero Import'!P21) -> 5.1 | L20: =IF(OR('BallisticX Import'!D21="",'BallisticX Import'!D21=0),"",'BallisticX Import'!D21) -> 0.62 | M20: =IF(OR('BallisticX Import'!F21="",'BallisticX Import'!F21=0),"",'BallisticX Import'!F21) -> 0.55 | N20: =IF(OR('BallisticX Import'!J21="",'BallisticX Import'!J21=0),"",'BallisticX Import'!J21) -> 0.19 | O20: 1
A21: 6 | B21: =IFERROR(LOOKUP(2,1/(GarminSessions!$A$2:$A$200="S6"),GarminSessions!$B$2:$B$200),NA()) -> #N/A | C21: =IFERROR($G$10-B21,"") | D21: =IF(OR('Garmin Xero Import'!E22="",'Garmin Xero Import'!E22=0),"",'Garmin Xero Import'!E22) | E21: =IF(OR('Garmin Xero Import'!F22="",'Garmin Xero Import'!F22=0),"",'Garmin Xero Import'!F22) | F21: =IF(OR('Garmin Xero Import'!G22="",'Garmin Xero Import'!G22=0),"",'Garmin Xero Import'!G22) | G21: =IF(OR('Garmin Xero Import'!H22="",'Garmin Xero Import'!H22=0),"",'Garmin Xero Import'!H22) | H21: =IF(OR('Garmin Xero Import'!I22="",'Garmin Xero Import'!I22=0),"",'Garmin Xero Import'!I22) | I21: =IF(OR('Garmin Xero Import'!O22="",'Garmin Xero Import'!O22=0),"",'Garmin Xero Import'!O22) | J21: =IF(OR('Garmin Xero Import'!Q22="",'Garmin Xero Import'!Q22=0),"",'Garmin Xero Import'!Q22) | K21: =IF(OR('Garmin Xero Import'!P22="",'Garmin Xero Import'!P22=0),"",'Garmin Xero Import'!P22) | L21: =IF(OR('BallisticX Import'!D22="",'BallisticX Import'!D22=0),"",'BallisticX Import'!D22) | M21: =IF(OR('BallisticX Import'!F22="",'BallisticX Import'!F22=0),"",'BallisticX Import'!F22) | N21: =IF(OR('BallisticX Import'!J22="",'BallisticX Import'!J22=0),"",'BallisticX Import'!J22) | O21: =NA() -> #N/A
A22: 7 | B22: =IFERROR(LOOKUP(2,1/(GarminSessions!$A$2:$A$200="S7"),GarminSessions!$B$2:$B$200),NA()) -> #N/A | C22: =IFERROR($G$10-B22,"") | D22: =IF(OR('Garmin Xero Import'!E23="",'Garmin Xero Import'!E23=0),"",'Garmin Xero Import'!E23) | E22: =IF(OR('Garmin Xero Import'!F23="",'Garmin Xero Import'!F23=0),"",'Garmin Xero Import'!F23) | F22: =IF(OR('Garmin Xero Import'!G23="",'Garmin Xero Import'!G23=0),"",'Garmin Xero Import'!G23) | G22: =IF(OR('Garmin Xero Import'!H23="",'Garmin Xero Import'!H23=0),"",'Garmin Xero Import'!H23) | H22: =IF(OR('Garmin Xero Import'!I23="",'Garmin Xero Import'!I23=0),"",'Garmin Xero Import'!I23) | I22: =IF(OR('Garmin Xero Import'!O23="",'Garmin Xero Import'!O23=0),"",'Garmin Xero Import'!O23) | J22: =IF(OR('Garmin Xero Import'!Q23="",'Garmin Xero Import'!Q23=0),"",'Garmin Xero Import'!Q23) | K22: =IF(OR('Garmin Xero Import'!P23="",'Garmin Xero Import'!P23=0),"",'Garmin Xero Import'!P23) | L22: =IF(OR('BallisticX Import'!D23="",'BallisticX Import'!D23=0),"",'BallisticX Import'!D23) | M22: =IF(OR('BallisticX Import'!F23="",'BallisticX Import'!F23=0),"",'BallisticX Import'!F23) | N22: =IF(OR('BallisticX Import'!J23="",'BallisticX Import'!J23=0),"",'BallisticX Import'!J23) | O22: =NA() -> #N/A
A23: 8 | B23: =IFERROR(LOOKUP(2,1/(GarminSessions!$A$2:$A$200="S8"),GarminSessions!$B$2:$B$200),NA()) -> #N/A | C23: =IFERROR($G$10-B23,"") | D23: =IF(OR('Garmin Xero Import'!E24="",'Garmin Xero Import'!E24=0),"",'Garmin Xero Import'!E24) | E23: =IF(OR('Garmin Xero Import'!F24="",'Garmin Xero Import'!F24=0),"",'Garmin Xero Import'!F24) | F23: =IF(OR('Garmin Xero Import'!G24="",'Garmin Xero Import'!G24=0),"",'Garmin Xero Import'!G24) | G23: =IF(OR('Garmin Xero Import'!H24="",'Garmin Xero Import'!H24=0),"",'Garmin Xero Import'!H24) | H23: =IF(OR('Garmin Xero Import'!I24="",'Garmin Xero Import'!I24=0),"",'Garmin Xero Import'!I24) | I23: =IF(OR('Garmin Xero Import'!O24="",'Garmin Xero Import'!O24=0),"",'Garmin Xero Import'!O24) | J23: =IF(OR('Garmin Xero Import'!Q24="",'Garmin Xero Import'!Q24=0),"",'Garmin Xero Import'!Q24) | K23: =IF(OR('Garmin Xero Import'!P24="",'Garmin Xero Import'!P24=0),"",'Garmin Xero Import'!P24) | L23: =IF(OR('BallisticX Import'!D24="",'BallisticX Import'!D24=0),"",'BallisticX Import'!D24) | M23: =IF(OR('BallisticX Import'!F24="",'BallisticX Import'!F24=0),"",'BallisticX Import'!F24) | N23: =IF(OR('BallisticX Import'!J24="",'BallisticX Import'!J24=0),"",'BallisticX Import'!J24) | O23: =NA() -> #N/A
A24: 9 | B24: =IFERROR(LOOKUP(2,1/(GarminSessions!$A$2:$A$200="S9"),GarminSessions!$B$2:$B$200),NA()) -> #N/A | C24: =IFERROR($G$10-B24,"") | D24: =IF(OR('Garmin Xero Import'!E25="",'Garmin Xero Import'!E25=0),"",'Garmin Xero Import'!E25) | E24: =IF(OR('Garmin Xero Import'!F25="",'Garmin Xero Import'!F25=0),"",'Garmin Xero Import'!F25) | F24: =IF(OR('Garmin Xero Import'!G25="",'Garmin Xero Import'!G25=0),"",'Garmin Xero Import'!G25) | G24: =IF(OR('Garmin Xero Import'!H25="",'Garmin Xero Import'!H25=0),"",'Garmin Xero Import'!H25) | H24: =IF(OR('Garmin Xero Import'!I25="",'Garmin Xero Import'!I25=0),"",'Garmin Xero Import'!I25) | I24: =IF(OR('Garmin Xero Import'!O25="",'Garmin Xero Import'!O25=0),"",'Garmin Xero Import'!O25) | J24: =IF(OR('Garmin Xero Import'!Q25="",'Garmin Xero Import'!Q25=0),"",'Garmin Xero Import'!Q25) | K24: =IF(OR('Garmin Xero Import'!P25="",'Garmin Xero Import'!P25=0),"",'Garmin Xero Import'!P25) | L24: =IF(OR('BallisticX Import'!D25="",'BallisticX Import'!D25=0),"",'BallisticX Import'!D25) | M24: =IF(OR('BallisticX Import'!F25="",'BallisticX Import'!F25=0),"",'BallisticX Import'!F25) | N24: =IF(OR('BallisticX Import'!J25="",'BallisticX Import'!J25=0),"",'BallisticX Import'!J25) | O24: =NA() -> #N/A
A25: 10 | B25: =IFERROR(LOOKUP(2,1/(GarminSessions!$A$2:$A$200="S10"),GarminSessions!$B$2:$B$200),NA()) -> #N/A | C25: =IFERROR($G$10-B25,"") | D25: =IF(OR('Garmin Xero Import'!E26="",'Garmin Xero Import'!E26=0),"",'Garmin Xero Import'!E26) | E25: =IF(OR('Garmin Xero Import'!F26="",'Garmin Xero Import'!F26=0),"",'Garmin Xero Import'!F26) | F25: =IF(OR('Garmin Xero Import'!G26="",'Garmin Xero Import'!G26=0),"",'Garmin Xero Import'!G26) | G25: =IF(OR('Garmin Xero Import'!H26="",'Garmin Xero Import'!H26=0),"",'Garmin Xero Import'!H26) | H25: =IF(OR('Garmin Xero Import'!I26="",'Garmin Xero Import'!I26=0),"",'Garmin Xero Import'!I26) | I25: =IF(OR('Garmin Xero Import'!O26="",'Garmin Xero Import'!O26=0),"",'Garmin Xero Import'!O26) | J25: =IF(OR('Garmin Xero Import'!Q26="",'Garmin Xero Import'!Q26=0),"",'Garmin Xero Import'!Q26) | K25: =IF(OR('Garmin Xero Import'!P26="",'Garmin Xero Import'!P26=0),"",'Garmin Xero Import'!P26) | L25: =IF(OR('BallisticX Import'!D26="",'BallisticX Import'!D26=0),"",'BallisticX Import'!D26) | M25: =IF(OR('BallisticX Import'!F26="",'BallisticX Import'!F26=0),"",'BallisticX Import'!F26) | N25: =IF(OR('BallisticX Import'!J26="",'BallisticX Import'!J26=0),"",'BallisticX Import'!J26) | O25: =NA() -> #N/A
A26: → Save Suggested Load to Library ←
A27: ANALYSIS — Suggested Best Jump (Composite Score)
A28: Reset weights | B28: Velocity | C28: 0.15 | E28: SD | F28: 0.25 | H28: MR | I28: 0.25 | K28: Vertical SD | L28: 0.35 | N28: Sum: | O28: =SUM(C28,F28,I28,L28) -> 1
A29: Jump | D29: Avg Vel (fps) | E29: SD (fps) | F29: Mean Radius (MOA) | G29: Vertical SD (MOA) | H29: Norm Vel | I29: Norm SD | J29: Norm MR | K29: Norm Vertical SD | L29: Composite Score | M29: Rank | N29: Best in
A30: 0.005 | D30: 2781 | E30: 2.2 | F30: 0.27 | G30: 0.17 | H30: 0.767 | I30: 0.326 | J30: 0.733 | K30: 0.778 | L30: 0.652 | M30: 4
A31: 0.02 | D31: 2780 | E31: 2.4 | F31: 0.21 | G31: 0.13 | H31: 0.3 | I31: 0.372 | J31: 0.333 | K31: 0.333 | L31: 0.338 | M31: 2
A32: 0.035 | D32: 2780.6 | E32: 0.8 | F32: 0.16 | G32: 0.1 | H32: 0.001 | I32: 0.001 | J32: 0.001 | K32: 0.001 | L32: 0.001 | M32: 1 | N32: All metrics ✓
A33: 0.05 | D33: 2780 | E33: 3.4 | F33: 0.24 | G33: 0.15 | H33: 0.533 | I33: 0.605 | J33: 0.533 | K33: 0.556 | L33: 0.559 | M33: 3
A34: 0.065 | D34: 2780 | E34: 5.1 | F34: 0.31 | G34: 0.19 | H34: 1 | I34: 1 | J34: 1 | K34: 1 | L34: 1 | M34: 5
A35: =NA() -> #N/A | B35: =IFERROR(IF($B$100="window",B21,""),"") | C35: =IFERROR(IF($B$100="window",B23,""),"") | D35: =NA() -> #N/A | E35: =NA() -> #N/A | F35: =NA() -> #N/A | G35: =NA() -> #N/A | H35: =NA() -> #N/A | I35: =NA() -> #N/A | J35: =NA() -> #N/A | K35: =NA() -> #N/A | ... N35: =NA() -> #N/A
A36: =NA() -> #N/A | B36: =IFERROR(IF($B$100="window",B22,""),"") | C36: =IFERROR(IF($B$100="window",B24,""),"") | D36: =NA() -> #N/A | E36: =NA() -> #N/A | F36: =NA() -> #N/A | G36: =NA() -> #N/A | H36: =NA() -> #N/A | I36: =NA() -> #N/A | J36: =NA() -> #N/A | K36: =NA() -> #N/A | ... N36: =NA() -> #N/A
A37: =NA() -> #N/A | B37: =IFERROR(IF($B$100="window",B23,""),"") | C37: =IFERROR(IF($B$100="window",B25,""),"") | D37: =NA() -> #N/A | E37: =NA() -> #N/A | F37: =NA() -> #N/A | G37: =NA() -> #N/A | H37: =NA() -> #N/A | I37: =NA() -> #N/A | J37: =NA() -> #N/A | K37: =NA() -> #N/A | ... N37: =NA() -> #N/A
A100: Mode: | B100: =IF(COUNT(B16:B25)>=5,"window","test") -> window

Sheet Garmin Xero Import
A1: Garmin Xero Import — ShotView CSV sessions
A2: This sheet feeds the Load Log and Seating Depth tabs. The shot cells over there are wired to pull from these specific rows. Just paste each Garmin session's shot velocities into the matching row's Shot 1–10 cells (E:N). Avg / SD / ES auto-compute.
A3: POWDER LADDER (Load Log P1–P10 → rows 6–15)
A5: Tag | B5: Date | C5: Session Title | D5: # Shots | E5: Shot 1 (fps) | F5: Shot 2 (fps) | G5: Shot 3 (fps) | H5: Shot 4 (fps) | I5: Shot 5 (fps) | J5: Shot 6 (fps) | K5: Shot 7 (fps) | L5: Shot 8 (fps) | M5: Shot 9 (fps) | N5: Shot 10 (fps) | O5: Avg Vel (fps) | P5: SD (fps) | Q5: ES (fps) | R5: Bullet Wt (gr) | S5: Avg KE (ft·lb) | T5: Notes
A6: P1 | B6: =IFERROR(LOOKUP(2,1/(GarminSessions!$A$2:$A$200=$A6),GarminSessions!$D$2:$D$200),"") -> 2026-04-12 | C6: =IFERROR(IF(LOOKUP(2,1/(GarminSessions!$A$2:$A$200=$A6),GarminSessions!$T$2:$T$200)="","",LOOKUP(2,1/(GarminSessions!$A$2:$A$200=$A6),GarminSessions!$T$2:$T$200)),"") -> 6.5 CM H4350 41.5gr | D6: =COUNT(E6:N6) -> 10 | E6: =IFERROR(IF(LOOKUP(2,1/(GarminSessions!$A$2:$A$200=$A6),GarminSessions!$E$2:$E$200)>0,LOOKUP(2,1/(GarminSessions!$A$2:$A$200=$A6),GarminSessions!$E$2:$E$200),""),"") -> 2710 | F6: =IFERROR(IF(LOOKUP(2,1/(GarminSessions!$A$2:$A$200=$A6),GarminSessions!$F$2:$F$200)>0,LOOKUP(2,1/(GarminSessions!$A$2:$A$200=$A6),GarminSessions!$F$2:$F$200),""),"") -> 2718 | G6: =IFERROR(IF(LOOKUP(2,1/(GarminSessions!$A$2:$A$200=$A6),GarminSessions!$G$2:$G$200)>0,LOOKUP(2,1/(GarminSessions!$A$2:$A$200=$A6),GarminSessions!$G$2:$G$200),""),"") -> 2705 | H6: =IFERROR(IF(LOOKUP(2,1/(GarminSessions!$A$2:$A$200=$A6),GarminSessions!$H$2:$H$200)>0,LOOKUP(2,1/(GarminSessions!$A$2:$A$200=$A6),GarminSessions!$H$2:$H$200),""),"") -> 2720 | I6: =IFERROR(IF(LOOKUP(2,1/(GarminSessions!$A$2:$A$200=$A6),GarminSessions!$I$2:$I$200)>0,LOOKUP(2,1/(GarminSessions!$A$2:$A$200=$A6),GarminSessions!$I$2:$I$200),""),"") -> 2715 | J6: =IFERROR(IF(LOOKUP(2,1/(GarminSessions!$A$2:$A$200=$A6),GarminSessions!$J$2:$J$200)>0,LOOKUP(2,1/(GarminSessions!$A$2:$A$200=$A6),GarminSessions!$J$2:$J$200),""),"") -> 2712 | K6: =IFERROR(IF(LOOKUP(2,1/(GarminSessions!$A$2:$A$200=$A6),GarminSessions!$K$2:$K$200)>0,LOOKUP(2,1/(GarminSessions!$A$2:$A$200=$A6),GarminSessions!$K$2:$K$200),""),"") -> 2722 | L6: =IFERROR(IF(LOOKUP(2,1/(GarminSessions!$A$2:$A$200=$A6),GarminSessions!$L$2:$L$200)>0,LOOKUP(2,1/(GarminSessions!$A$2:$A$200=$A6),GarminSessions!$L$2:$L$200),""),"") -> 2708 | M6: =IFERROR(IF(LOOKUP(2,1/(GarminSessions!$A$2:$A$200=$A6),GarminSessions!$M$2:$M$200)>0,LOOKUP(2,1/(GarminSessions!$A$2:$A$200=$A6),GarminSessions!$M$2:$M$200),""),"") -> 2716 | N6: =IFERROR(IF(LOOKUP(2,1/(GarminSessions!$A$2:$A$200=$A6),GarminSessions!$N$2:$N$200)>0,LOOKUP(2,1/(GarminSessions!$A$2:$A$200=$A6),GarminSessions!$N$2:$N$200),""),"") -> 2724 | O6: =IFERROR(LOOKUP(2,1/(GarminSessions!$A$2:$A$200=$A6),GarminSessions!$O$2:$O$200),"") -> 2715 | P6: =IFERROR(LOOKUP(2,1/(GarminSessions!$A$2:$A$200=$A6),GarminSessions!$P$2:$P$200),"") -> 6.7 | Q6: =IFERROR(LOOKUP(2,1/(GarminSessions!$A$2:$A$200=$A6),GarminSessions!$Q$2:$Q$200),"") -> 19 | R6: =IFERROR(LOOKUP(2,1/(GarminSessions!$A$2:$A$200=$A6),GarminSessions!$R$2:$R$200),"") -> 140 | S6: =IFERROR(LOOKUP(2,1/(GarminSessions!$A$2:$A$200=$A6),GarminSessions!$S$2:$S$200),"") -> 2293 | T6: =IFERROR(IF(LOOKUP(2,1/(GarminSessions!$A$2:$A$200=$A6),GarminSessions!$U$2:$U$200)="","",LOOKUP(2,1/(GarminSessions!$A$2:$A$200=$A6),GarminSessions!$U$2:$U$200)),"") -> Hornady brass, CCI BR-2 primer, 2.875 OAL
A7: P2 | B7: =IFERROR(LOOKUP(2,1/(GarminSessions!$A$2:$A$200=$A7),GarminSessions!$D$2:$D$200),"") -> 2026-04-12 | C7: =IFERROR(IF(LOOKUP(2,1/(GarminSessions!$A$2:$A$200=$A7),GarminSessions!$T$2:$T$200)="","",LOOKUP(2,1/(GarminSessions!$A$2:$A$200=$A7),GarminSessions!$T$2:$T$200)),"") -> 6.5 CM H4350 41.8gr | D7: =COUNT(E7:N7) -> 10 | E7: =IFERROR(IF(LOOKUP(2,1/(GarminSessions!$A$2:$A$200=$A7),GarminSessions!$E$2:$E$200)>0,LOOKUP(2,1/(GarminSessions!$A$2:$A$200=$A7),GarminSessions!$E$2:$E$200),""),"") -> 2732 | F7: =IFERROR(IF(LOOKUP(2,1/(GarminSessions!$A$2:$A$200=$A7),GarminSessions!$F$2:$F$200)>0,LOOKUP(2,1/(GarminSessions!$A$2:$A$200=$A7),GarminSessions!$F$2:$F$200),""),"") -> 2748 | G7: =IFERROR(IF(LOOKUP(2,1/(GarminSessions!$A$2:$A$200=$A7),GarminSessions!$G$2:$G$200)>0,LOOKUP(2,1/(GarminSessions!$A$2:$A$200=$A7),GarminSessions!$G$2:$G$200),""),"") -> 2725 | H7: =IFERROR(IF(LOOKUP(2,1/(GarminSessions!$A$2:$A$200=$A7),GarminSessions!$H$2:$H$200)>0,LOOKUP(2,1/(GarminSessions!$A$2:$A$200=$A7),GarminSessions!$H$2:$H$200),""),"") -> 2740 | I7: =IFERROR(IF(LOOKUP(2,1/(GarminSessions!$A$2:$A$200=$A7),GarminSessions!$I$2:$I$200)>0,LOOKUP(2,1/(GarminSessions!$A$2:$A$200=$A7),GarminSessions!$I$2:$I$200),""),"") -> 2738 | J7: =IFERROR(IF(LOOKUP(2,1/(GarminSessions!$A$2:$A$200=$A7),GarminSessions!$J$2:$J$200)>0,LOOKUP(2,1/(GarminSessions!$A$2:$A$200=$A7),GarminSessions!$J$2:$J$200),""),"") -> 2734 | K7: =IFERROR(IF(LOOKUP(2,1/(GarminSessions!$A$2:$A$200=$A7),GarminSessions!$K$2:$K$200)>0,LOOKUP(2,1/(GarminSessions!$A$2:$A$200=$A7),GarminSessions!$K$2:$K$200),""),"") -> 2742 | L7: =IFERROR(IF(LOOKUP(2,1/(GarminSessions!$A$2:$A$200=$A7),GarminSessions!$L$2:$L$200)>0,LOOKUP(2,1/(GarminSessions!$A$2:$A$200=$A7),GarminSessions!$L$2:$L$200),""),"") -> 2728 | M7: =IFERROR(IF(LOOKUP(2,1/(GarminSessions!$A$2:$A$200=$A7),GarminSessions!$M$2:$M$200)>0,LOOKUP(2,1/(GarminSessions!$A$2:$A$200=$A7),GarminSessions!$M$2:$M$200),""),"") -> 2736 | N7: =IFERROR(IF(LOOKUP(2,1/(GarminSessions!$A$2:$A$200=$A7),GarminSessions!$N$2:$N$200)>0,LOOKUP(2,1/(GarminSessions!$A$2:$A$200=$A7),GarminSessions!$N$2:$N$200),""),"") -> 2747 | O7: =IFERROR(LOOKUP(2,1/(GarminSessions!$A$2:$A$200=$A7),GarminSessions!$O$2:$O$200),"") -> 2737 | P7: =IFERROR(LOOKUP(2,1/(GarminSessions!$A$2:$A$200=$A7),GarminSessions!$P$2:$P$200),"") -> 7.8 | Q7: =IFERROR(LOOKUP(2,1/(GarminSessions!$A$2:$A$200=$A7),GarminSessions!$Q$2:$Q$200),"") -> 23 | R7: =IFERROR(LOOKUP(2,1/(GarminSessions!$A$2:$A$200=$A7),GarminSessions!$R$2:$R$200),"") -> 140 | S7: =IFERROR(LOOKUP(2,1/(GarminSessions!$A$2:$A$200=$A7),GarminSessions!$S$2:$S$200),"") -> 2330 | T7: =IFERROR(IF(LOOKUP(2,1/(GarminSessions!$A$2:$A$200=$A7),GarminSessions!$U$2:$U$200)="","",LOOKUP(2,1/(GarminSessions!$A$2:$A$200=$A7),GarminSessions!$U$2:$U$200)),"") -> Hornady brass, CCI BR-2 primer, 2.875 OAL
A8: P3 | B8: =IFERROR(LOOKUP(2,1/(GarminSessions!$A$2:$A$200=$A8),GarminSessions!$D$2:$D$200),"") -> 2026-04-12 | C8: =IFERROR(IF(LOOKUP(2,1/(GarminSessions!$A$2:$A$200=$A8),GarminSessions!$T$2:$T$200)="","",LOOKUP(2,1/(GarminSessions!$A$2:$A$200=$A8),GarminSessions!$T$2:$T$200)),"") -> 6.5 CM H4350 42.1gr | D8: =COUNT(E8:N8) -> 10 | E8: =IFERROR(IF(LOOKUP(2,1/(GarminSessions!$A$2:$A$200=$A8),GarminSessions!$E$2:$E$200)>0,LOOKUP(2,1/(GarminSessions!$A$2:$A$200=$A8),GarminSessions!$E$2:$E$200),""),"") -> 2755 | F8: =IFERROR(IF(LOOKUP(2,1/(GarminSessions!$A$2:$A$200=$A8),GarminSessions!$F$2:$F$200)>0,LOOKUP(2,1/(GarminSessions!$A$2:$A$200=$A8),GarminSessions!$F$2:$F$200),""),"") -> 2762 | G8: =IFERROR(IF(LOOKUP(2,1/(GarminSessions!$A$2:$A$200=$A8),GarminSessions!$G$2:$G$200)>0,LOOKUP(2,1/(GarminSessions!$A$2:$A$200=$A8),GarminSessions!$G$2:$G$200),""),"") -> 2750 | H8: =IFERROR(IF(LOOKUP(2,1/(GarminSessions!$A$2:$A$200=$A8),GarminSessions!$H$2:$H$200)>0,LOOKUP(2,1/(GarminSessions!$A$2:$A$200=$A8),GarminSessions!$H$2:$H$200),""),"") -> 2768 | I8: =IFERROR(IF(LOOKUP(2,1/(GarminSessions!$A$2:$A$200=$A8),GarminSessions!$I$2:$I$200)>0,LOOKUP(2,1/(GarminSessions!$A$2:$A$200=$A8),GarminSessions!$I$2:$I$200),""),"") -> 2760 | J8: =IFERROR(IF(LOOKUP(2,1/(GarminSessions!$A$2:$A$200=$A8),GarminSessions!$J$2:$J$200)>0,LOOKUP(2,1/(GarminSessions!$A$2:$A$200=$A8),GarminSessions!$J$2:$J$200),""),"") -> 2758 | K8: =IFERROR(IF(LOOKUP(2,1/(GarminSessions!$A$2:$A$200=$A8),GarminSessions!$K$2:$K$200)>0,LOOKUP(2,1/(GarminSessions!$A$2:$A$200=$A8),GarminSessions!$K$2:$K$200),""),"") -> 2765 | L8: =IFERROR(IF(LOOKUP(2,1/(GarminSessions!$A$2:$A$200=$A8),GarminSessions!$L$2:$L$200)>0,LOOKUP(2,1/(GarminSessions!$A$2:$A$200=$A8),GarminSessions!$L$2:$L$200),""),"") -> 2752 | M8: =IFERROR(IF(LOOKUP(2,1/(GarminSessions!$A$2:$A$200=$A8),GarminSessions!$M$2:$M$200)>0,LOOKUP(2,1/(GarminSessions!$A$2:$A$200=$A8),GarminSessions!$M$2:$M$200),""),"") -> 2760 | N8: =IFERROR(IF(LOOKUP(2,1/(GarminSessions!$A$2:$A$200=$A8),GarminSessions!$N$2:$N$200)>0,LOOKUP(2,1/(GarminSessions!$A$2:$A$200=$A8),GarminSessions!$N$2:$N$200),""),"") -> 2770 | O8: =IFERROR(LOOKUP(2,1/(GarminSessions!$A$2:$A$200=$A8),GarminSessions!$O$2:$O$200),"") -> 2760 | P8: =IFERROR(LOOKUP(2,1/(GarminSessions!$A$2:$A$200=$A8),GarminSessions!$P$2:$P$200),"") -> 6.4 | Q8: =IFERROR(LOOKUP(2,1/(GarminSessions!$A$2:$A$200=$A8),GarminSessions!$Q$2:$Q$200),"") -> 20 | R8: =IFERROR(LOOKUP(2,1/(GarminSessions!$A$2:$A$200=$A8),GarminSessions!$R$2:$R$200),"") -> 140 | S8: =IFERROR(LOOKUP(2,1/(GarminSessions!$A$2:$A$200=$A8),GarminSessions!$S$2:$S$200),"") -> 2369 | T8: =IFERROR(IF(LOOKUP(2,1/(GarminSessions!$A$2:$A$200=$A8),GarminSessions!$U$2:$U$200)="","",LOOKUP(2,1/(GarminSessions!$A$2:$A$200=$A8),GarminSessions!$U$2:$U$200)),"") -> Hornady brass, CCI BR-2 primer, 2.875 OAL
A9: P4 | B9: =IFERROR(LOOKUP(2,1/(GarminSessions!$A$2:$A$200=$A9),GarminSessions!$D$2:$D$200),"") -> 2026-04-12 | C9: =IFERROR(IF(LOOKUP(2,1/(GarminSessions!$A$2:$A$200=$A9),GarminSessions!$T$2:$T$200)="","",LOOKUP(2,1/(GarminSessions!$A$2:$A$200=$A9),GarminSessions!$T$2:$T$200)),"") -> 6.5 CM H4350 42.4gr (WINNER) | D9: =COUNT(E9:N9) -> 10 | E9: =IFERROR(IF(LOOKUP(2,1/(GarminSessions!$A$2:$A$200=$A9),GarminSessions!$E$2:$E$200)>0,LOOKUP(2,1/(GarminSessions!$A$2:$A$200=$A9),GarminSessions!$E$2:$E$200),""),"") -> 2778 | F9: =IFERROR(IF(LOOKUP(2,1/(GarminSessions!$A$2:$A$200=$A9),GarminSessions!$F$2:$F$200)>0,LOOKUP(2,1/(GarminSessions!$A$2:$A$200=$A9),GarminSessions!$F$2:$F$200),""),"") -> 2782 | G9: =IFERROR(IF(LOOKUP(2,1/(GarminSessions!$A$2:$A$200=$A9),GarminSessions!$G$2:$G$200)>0,LOOKUP(2,1/(GarminSessions!$A$2:$A$200=$A9),GarminSessions!$G$2:$G$200),""),"") -> 2776 | H9: =IFERROR(IF(LOOKUP(2,1/(GarminSessions!$A$2:$A$200=$A9),GarminSessions!$H$2:$H$200)>0,LOOKUP(2,1/(GarminSessions!$A$2:$A$200=$A9),GarminSessions!$H$2:$H$200),""),"") -> 2784 | I9: =IFERROR(IF(LOOKUP(2,1/(GarminSessions!$A$2:$A$200=$A9),GarminSessions!$I$2:$I$200)>0,LOOKUP(2,1/(GarminSessions!$A$2:$A$200=$A9),GarminSessions!$I$2:$I$200),""),"") -> 2780 | J9: =IFERROR(IF(LOOKUP(2,1/(GarminSessions!$A$2:$A$200=$A9),GarminSessions!$J$2:$J$200)>0,LOOKUP(2,1/(GarminSessions!$A$2:$A$200=$A9),GarminSessions!$J$2:$J$200),""),"") -> 2779 | K9: =IFERROR(IF(LOOKUP(2,1/(GarminSessions!$A$2:$A$200=$A9),GarminSessions!$K$2:$K$200)>0,LOOKUP(2,1/(GarminSessions!$A$2:$A$200=$A9),GarminSessions!$K$2:$K$200),""),"") -> 2782 | L9: =IFERROR(IF(LOOKUP(2,1/(GarminSessions!$A$2:$A$200=$A9),GarminSessions!$L$2:$L$200)>0,LOOKUP(2,1/(GarminSessions!$A$2:$A$200=$A9),GarminSessions!$L$2:$L$200),""),"") -> 2778 | M9: =IFERROR(IF(LOOKUP(2,1/(GarminSessions!$A$2:$A$200=$A9),GarminSessions!$M$2:$M$200)>0,LOOKUP(2,1/(GarminSessions!$A$2:$A$200=$A9),GarminSessions!$M$2:$M$200),""),"") -> 2780 | N9: =IFERROR(IF(LOOKUP(2,1/(GarminSessions!$A$2:$A$200=$A9),GarminSessions!$N$2:$N$200)>0,LOOKUP(2,1/(GarminSessions!$A$2:$A$200=$A9),GarminSessions!$N$2:$N$200),""),"") -> 2781 | O9: =IFERROR(LOOKUP(2,1/(GarminSessions!$A$2:$A$200=$A9),GarminSessions!$O$2:$O$200),"") -> 2780 | P9: =IFERROR(LOOKUP(2,1/(GarminSessions!$A$2:$A$200=$A9),GarminSessions!$P$2:$P$200),"") -> 2.5 | Q9: =IFERROR(LOOKUP(2,1/(GarminSessions!$A$2:$A$200=$A9),GarminSessions!$Q$2:$Q$200),"") -> 8 | R9: =IFERROR(LOOKUP(2,1/(GarminSessions!$A$2:$A$200=$A9),GarminSessions!$R$2:$R$200),"") -> 140 | S9: =IFERROR(LOOKUP(2,1/(GarminSessions!$A$2:$A$200=$A9),GarminSessions!$S$2:$S$200),"") -> 2402 | T9: =IFERROR(IF(LOOKUP(2,1/(GarminSessions!$A$2:$A$200=$A9),GarminSessions!$U$2:$U$200)="","",LOOKUP(2,1/(GarminSessions!$A$2:$A$200=$A9),GarminSessions!$U$2:$U$200)),"") -> Hornady brass, CCI BR-2 primer, 2.875 OAL
A10: P5 | B10: =IFERROR(LOOKUP(2,1/(GarminSessions!$A$2:$A$200=$A10),GarminSessions!$D$2:$D$200),"") -> 2026-04-12 | C10: =IFERROR(IF(LOOKUP(2,1/(GarminSessions!$A$2:$A$200=$A10),GarminSessions!$T$2:$T$200)="","",LOOKUP(2,1/(GarminSessions!$A$2:$A$200=$A10),GarminSessions!$T$2:$T$200)),"") -> 6.5 CM H4350 42.7gr | D10: =COUNT(E10:N10) -> 10 | E10: =IFERROR(IF(LOOKUP(2,1/(GarminSessions!$A$2:$A$200=$A10),GarminSessions!$E$2:$E$200)>0,LOOKUP(2,1/(GarminSessions!$A$2:$A$200=$A10),GarminSessions!$E$2:$E$200),""),"") -> 2798 | F10: =IFERROR(IF(LOOKUP(2,1/(GarminSessions!$A$2:$A$200=$A10),GarminSessions!$F$2:$F$200)>0,LOOKUP(2,1/(GarminSessions!$A$2:$A$200=$A10),GarminSessions!$F$2:$F$200),""),"") -> 2805 | G10: =IFERROR(IF(LOOKUP(2,1/(GarminSessions!$A$2:$A$200=$A10),GarminSessions!$G$2:$G$200)>0,LOOKUP(2,1/(GarminSessions!$A$2:$A$200=$A10),GarminSessions!$G$2:$G$200),""),"") -> 2795 | H10: =IFERROR(IF(LOOKUP(2,1/(GarminSessions!$A$2:$A$200=$A10),GarminSessions!$H$2:$H$200)>0,LOOKUP(2,1/(GarminSessions!$A$2:$A$200=$A10),GarminSessions!$H$2:$H$200),""),"") -> 2812 | I10: =IFERROR(IF(LOOKUP(2,1/(GarminSessions!$A$2:$A$200=$A10),GarminSessions!$I$2:$I$200)>0,LOOKUP(2,1/(GarminSessions!$A$2:$A$200=$A10),GarminSessions!$I$2:$I$200),""),"") -> 2800 | J10: =IFERROR(IF(LOOKUP(2,1/(GarminSessions!$A$2:$A$200=$A10),GarminSessions!$J$2:$J$200)>0,LOOKUP(2,1/(GarminSessions!$A$2:$A$200=$A10),GarminSessions!$J$2:$J$200),""),"") -> 2802 | K10: =IFERROR(IF(LOOKUP(2,1/(GarminSessions!$A$2:$A$200=$A10),GarminSessions!$K$2:$K$200)>0,LOOKUP(2,1/(GarminSessions!$A$2:$A$200=$A10),GarminSessions!$K$2:$K$200),""),"") -> 2806 | L10: =IFERROR(IF(LOOKUP(2,1/(GarminSessions!$A$2:$A$200=$A10),GarminSessions!$L$2:$L$200)>0,LOOKUP(2,1/(GarminSessions!$A$2:$A$200=$A10),GarminSessions!$L$2:$L$200),""),"") -> 2796 | M10: =IFERROR(IF(LOOKUP(2,1/(GarminSessions!$A$2:$A$200=$A10),GarminSessions!$M$2:$M$200)>0,LOOKUP(2,1/(GarminSessions!$A$2:$A$200=$A10),GarminSessions!$M$2:$M$200),""),"") -> 2802 | N10: =IFERROR(IF(LOOKUP(2,1/(GarminSessions!$A$2:$A$200=$A10),GarminSessions!$N$2:$N$200)>0,LOOKUP(2,1/(GarminSessions!$A$2:$A$200=$A10),GarminSessions!$N$2:$N$200),""),"") -> 2810 | O10: =IFERROR(LOOKUP(2,1/(GarminSessions!$A$2:$A$200=$A10),GarminSessions!$O$2:$O$200),"") -> 2803 | P10: =IFERROR(LOOKUP(2,1/(GarminSessions!$A$2:$A$200=$A10),GarminSessions!$P$2:$P$200),"") -> 5.6 | Q10: =IFERROR(LOOKUP(2,1/(GarminSessions!$A$2:$A$200=$A10),GarminSessions!$Q$2:$Q$200),"") -> 17 | R10: =IFERROR(LOOKUP(2,1/(GarminSessions!$A$2:$A$200=$A10),GarminSessions!$R$2:$R$200),"") -> 140 | S10: =IFERROR(LOOKUP(2,1/(GarminSessions!$A$2:$A$200=$A10),GarminSessions!$S$2:$S$200),"") -> 2443 | T10: =IFERROR(IF(LOOKUP(2,1/(GarminSessions!$A$2:$A$200=$A10),GarminSessions!$U$2:$U$200)="","",LOOKUP(2,1/(GarminSessions!$A$2:$A$200=$A10),GarminSessions!$U$2:$U$200)),"") -> Hornady brass, CCI BR-2 primer, 2.875 OAL
A11: P6 | B11: =IFERROR(LOOKUP(2,1/(GarminSessions!$A$2:$A$200=$A11),GarminSessions!$D$2:$D$200),"") | C11: =IFERROR(IF(LOOKUP(2,1/(GarminSessions!$A$2:$A$200=$A11),GarminSessions!$T$2:$T$200)="","",LOOKUP(2,1/(GarminSessions!$A$2:$A$200=$A11),GarminSessions!$T$2:$T$200)),"") | D11: =COUNT(E11:N11) -> 0 | E11: =IFERROR(IF(LOOKUP(2,1/(GarminSessions!$A$2:$A$200=$A11),GarminSessions!$E$2:$E$200)>0,LOOKUP(2,1/(GarminSessions!$A$2:$A$200=$A11),GarminSessions!$E$2:$E$200),""),"") | F11: =IFERROR(IF(LOOKUP(2,1/(GarminSessions!$A$2:$A$200=$A11),GarminSessions!$F$2:$F$200)>0,LOOKUP(2,1/(GarminSessions!$A$2:$A$200=$A11),GarminSessions!$F$2:$F$200),""),"") | G11: =IFERROR(IF(LOOKUP(2,1/(GarminSessions!$A$2:$A$200=$A11),GarminSessions!$G$2:$G$200)>0,LOOKUP(2,1/(GarminSessions!$A$2:$A$200=$A11),GarminSessions!$G$2:$G$200),""),"") | H11: =IFERROR(IF(LOOKUP(2,1/(GarminSessions!$A$2:$A$200=$A11),GarminSessions!$H$2:$H$200)>0,LOOKUP(2,1/(GarminSessions!$A$2:$A$200=$A11),GarminSessions!$H$2:$H$200),""),"") | I11: =IFERROR(IF(LOOKUP(2,1/(GarminSessions!$A$2:$A$200=$A11),GarminSessions!$I$2:$I$200)>0,LOOKUP(2,1/(GarminSessions!$A$2:$A$200=$A11),GarminSessions!$I$2:$I$200),""),"") | J11: =IFERROR(IF(LOOKUP(2,1/(GarminSessions!$A$2:$A$200=$A11),GarminSessions!$J$2:$J$200)>0,LOOKUP(2,1/(GarminSessions!$A$2:$A$200=$A11),GarminSessions!$J$2:$J$200),""),"") | K11: =IFERROR(IF(LOOKUP(2,1/(GarminSessions!$A$2:$A$200=$A11),GarminSessions!$K$2:$K$200)>0,LOOKUP(2,1/(GarminSessions!$A$2:$A$200=$A11),GarminSessions!$K$2:$K$200),""),"") | L11: =IFERROR(IF(LOOKUP(2,1/(GarminSessions!$A$2:$A$200=$A11),GarminSessions!$L$2:$L$200)>0,LOOKUP(2,1/(GarminSessions!$A$2:$A$200=$A11),GarminSessions!$L$2:$L$200),""),"") | M11: =IFERROR(IF(LOOKUP(2,1/(GarminSessions!$A$2:$A$200=$A11),GarminSessions!$M$2:$M$200)>0,LOOKUP(2,1/(GarminSessions!$A$2:$A$200=$A11),GarminSessions!$M$2:$M$200),""),"") | N11: =IFERROR(IF(LOOKUP(2,1/(GarminSessions!$A$2:$A$200=$A11),GarminSessions!$N$2:$N$200)>0,LOOKUP(2,1/(GarminSessions!$A$2:$A$200=$A11),GarminSessions!$N$2:$N$200),""),"") | O11: =IFERROR(LOOKUP(2,1/(GarminSessions!$A$2:$A$200=$A11),GarminSessions!$O$2:$O$200),"") | P11: =IFERROR(LOOKUP(2,1/(GarminSessions!$A$2:$A$200=$A11),GarminSessions!$P$2:$P$200),"") | Q11: =IFERROR(LOOKUP(2,1/(GarminSessions!$A$2:$A$200=$A11),GarminSessions!$Q$2:$Q$200),"") | R11: =IFERROR(LOOKUP(2,1/(GarminSessions!$A$2:$A$200=$A11),GarminSessions!$R$2:$R$200),"") | S11: =IFERROR(LOOKUP(2,1/(GarminSessions!$A$2:$A$200=$A11),GarminSessions!$S$2:$S$200),"") | T11: =IFERROR(IF(LOOKUP(2,1/(GarminSessions!$A$2:$A$200=$A11),GarminSessions!$U$2:$U$200)="","",LOOKUP(2,1/(GarminSessions!$A$2:$A$200=$A11),GarminSessions!$U$2:$U$200)),"")
A12: P7 | B12: =IFERROR(LOOKUP(2,1/(GarminSessions!$A$2:$A$200=$A12),GarminSessions!$D$2:$D$200),"") | C12: =IFERROR(IF(LOOKUP(2,1/(GarminSessions!$A$2:$A$200=$A12),GarminSessions!$T$2:$T$200)="","",LOOKUP(2,1/(GarminSessions!$A$2:$A$200=$A12),GarminSessions!$T$2:$T$200)),"") | D12: =COUNT(E12:N12) -> 0 | E12: =IFERROR(IF(LOOKUP(2,1/(GarminSessions!$A$2:$A$200=$A12),GarminSessions!$E$2:$E$200)>0,LOOKUP(2,1/(GarminSessions!$A$2:$A$200=$A12),GarminSessions!$E$2:$E$200),""),"") | F12: =IFERROR(IF(LOOKUP(2,1/(GarminSessions!$A$2:$A$200=$A12),GarminSessions!$F$2:$F$200)>0,LOOKUP(2,1/(GarminSessions!$A$2:$A$200=$A12),GarminSessions!$F$2:$F$200),""),"") | G12: =IFERROR(IF(LOOKUP(2,1/(GarminSessions!$A$2:$A$200=$A12),GarminSessions!$G$2:$G$200)>0,LOOKUP(2,1/(GarminSessions!$A$2:$A$200=$A12),GarminSessions!$G$2:$G$200),""),"") | H12: =IFERROR(IF(LOOKUP(2,1/(GarminSessions!$A$2:$A$200=$A12),GarminSessions!$H$2:$H$200)>0,LOOKUP(2,1/(GarminSessions!$A$2:$A$200=$A12),GarminSessions!$H$2:$H$200),""),"") | I12: =IFERROR(IF(LOOKUP(2,1/(GarminSessions!$A$2:$A$200=$A12),GarminSessions!$I$2:$I$200)>0,LOOKUP(2,1/(GarminSessions!$A$2:$A$200=$A12),GarminSessions!$I$2:$I$200),""),"") | J12: =IFERROR(IF(LOOKUP(2,1/(GarminSessions!$A$2:$A$200=$A12),GarminSessions!$J$2:$J$200)>0,LOOKUP(2,1/(GarminSessions!$A$2:$A$200=$A12),GarminSessions!$J$2:$J$200),""),"") | K12: =IFERROR(IF(LOOKUP(2,1/(GarminSessions!$A$2:$A$200=$A12),GarminSessions!$K$2:$K$200)>0,LOOKUP(2,1/(GarminSessions!$A$2:$A$200=$A12),GarminSessions!$K$2:$K$200),""),"") | L12: =IFERROR(IF(LOOKUP(2,1/(GarminSessions!$A$2:$A$200=$A12),GarminSessions!$L$2:$L$200)>0,LOOKUP(2,1/(GarminSessions!$A$2:$A$200=$A12),GarminSessions!$L$2:$L$200),""),"") | M12: =IFERROR(IF(LOOKUP(2,1/(GarminSessions!$A$2:$A$200=$A12),GarminSessions!$M$2:$M$200)>0,LOOKUP(2,1/(GarminSessions!$A$2:$A$200=$A12),GarminSessions!$M$2:$M$200),""),"") | N12: =IFERROR(IF(LOOKUP(2,1/(GarminSessions!$A$2:$A$200=$A12),GarminSessions!$N$2:$N$200)>0,LOOKUP(2,1/(GarminSessions!$A$2:$A$200=$A12),GarminSessions!$N$2:$N$200),""),"") | O12: =IFERROR(LOOKUP(2,1/(GarminSessions!$A$2:$A$200=$A12),GarminSessions!$O$2:$O$200),"") | P12: =IFERROR(LOOKUP(2,1/(GarminSessions!$A$2:$A$200=$A12),GarminSessions!$P$2:$P$200),"") | Q12: =IFERROR(LOOKUP(2,1/(GarminSessions!$A$2:$A$200=$A12),GarminSessions!$Q$2:$Q$200),"") | R12: =IFERROR(LOOKUP(2,1/(GarminSessions!$A$2:$A$200=$A12),GarminSessions!$R$2:$R$200),"") | S12: =IFERROR(LOOKUP(2,1/(GarminSessions!$A$2:$A$200=$A12),GarminSessions!$S$2:$S$200),"") | T12: =IFERROR(IF(LOOKUP(2,1/(GarminSessions!$A$2:$A$200=$A12),GarminSessions!$U$2:$U$200)="","",LOOKUP(2,1/(GarminSessions!$A$2:$A$200=$A12),GarminSessions!$U$2:$U$200)),"")
A13: P8 | B13: =IFERROR(LOOKUP(2,1/(GarminSessions!$A$2:$A$200=$A13),GarminSessions!$D$2:$D$200),"") | C13: =IFERROR(IF(LOOKUP(2,1/(GarminSessions!$A$2:$A$200=$A13),GarminSessions!$T$2:$T$200)="","",LOOKUP(2,1/(GarminSessions!$A$2:$A$200=$A13),GarminSessions!$T$2:$T$200)),"") | D13: =COUNT(E13:N13) -> 0 | E13: =IFERROR(IF(LOOKUP(2,1/(GarminSessions!$A$2:$A$200=$A13),GarminSessions!$E$2:$E$200)>0,LOOKUP(2,1/(GarminSessions!$A$2:$A$200=$A13),GarminSessions!$E$2:$E$200),""),"") | F13: =IFERROR(IF(LOOKUP(2,1/(GarminSessions!$A$2:$A$200=$A13),GarminSessions!$F$2:$F$200)>0,LOOKUP(2,1/(GarminSessions!$A$2:$A$200=$A13),GarminSessions!$F$2:$F$200),""),"") | G13: =IFERROR(IF(LOOKUP(2,1/(GarminSessions!$A$2:$A$200=$A13),GarminSessions!$G$2:$G$200)>0,LOOKUP(2,1/(GarminSessions!$A$2:$A$200=$A13),GarminSessions!$G$2:$G$200),""),"") | H13: =IFERROR(IF(LOOKUP(2,1/(GarminSessions!$A$2:$A$200=$A13),GarminSessions!$H$2:$H$200)>0,LOOKUP(2,1/(GarminSessions!$A$2:$A$200=$A13),GarminSessions!$H$2:$H$200),""),"") | I13: =IFERROR(IF(LOOKUP(2,1/(GarminSessions!$A$2:$A$200=$A13),GarminSessions!$I$2:$I$200)>0,LOOKUP(2,1/(GarminSessions!$A$2:$A$200=$A13),GarminSessions!$I$2:$I$200),""),"") | J13: =IFERROR(IF(LOOKUP(2,1/(GarminSessions!$A$2:$A$200=$A13),GarminSessions!$J$2:$J$200)>0,LOOKUP(2,1/(GarminSessions!$A$2:$A$200=$A13),GarminSessions!$J$2:$J$200),""),"") | K13: =IFERROR(IF(LOOKUP(2,1/(GarminSessions!$A$2:$A$200=$A13),GarminSessions!$K$2:$K$200)>0,LOOKUP(2,1/(GarminSessions!$A$2:$A$200=$A13),GarminSessions!$K$2:$K$200),""),"") | L13: =IFERROR(IF(LOOKUP(2,1/(GarminSessions!$A$2:$A$200=$A13),GarminSessions!$L$2:$L$200)>0,LOOKUP(2,1/(GarminSessions!$A$2:$A$200=$A13),GarminSessions!$L$2:$L$200),""),"") | M13: =IFERROR(IF(LOOKUP(2,1/(GarminSessions!$A$2:$A$200=$A13),GarminSessions!$M$2:$M$200)>0,LOOKUP(2,1/(GarminSessions!$A$2:$A$200=$A13),GarminSessions!$M$2:$M$200),""),"") | N13: =IFERROR(IF(LOOKUP(2,1/(GarminSessions!$A$2:$A$200=$A13),GarminSessions!$N$2:$N$200)>0,LOOKUP(2,1/(GarminSessions!$A$2:$A$200=$A13),GarminSessions!$N$2:$N$200),""),"") | O13: =IFERROR(LOOKUP(2,1/(GarminSessions!$A$2:$A$200=$A13),GarminSessions!$O$2:$O$200),"") | P13: =IFERROR(LOOKUP(2,1/(GarminSessions!$A$2:$A$200=$A13),GarminSessions!$P$2:$P$200),"") | Q13: =IFERROR(LOOKUP(2,1/(GarminSessions!$A$2:$A$200=$A13),GarminSessions!$Q$2:$Q$200),"") | R13: =IFERROR(LOOKUP(2,1/(GarminSessions!$A$2:$A$200=$A13),GarminSessions!$R$2:$R$200),"") | S13: =IFERROR(LOOKUP(2,1/(GarminSessions!$A$2:$A$200=$A13),GarminSessions!$S$2:$S$200),"") | T13: =IFERROR(IF(LOOKUP(2,1/(GarminSessions!$A$2:$A$200=$A13),GarminSessions!$U$2:$U$200)="","",LOOKUP(2,1/(GarminSessions!$A$2:$A$200=$A13),GarminSessions!$U$2:$U$200)),"")
A14: P9 | B14: =IFERROR(LOOKUP(2,1/(GarminSessions!$A$2:$A$200=$A14),GarminSessions!$D$2:$D$200),"") | C14: =IFERROR(IF(LOOKUP(2,1/(GarminSessions!$A$2:$A$200=$A14),GarminSessions!$T$2:$T$200)="","",LOOKUP(2,1/(GarminSessions!$A$2:$A$200=$A14),GarminSessions!$T$2:$T$200)),"") | D14: =COUNT(E14:N14) -> 0 | E14: =IFERROR(IF(LOOKUP(2,1/(GarminSessions!$A$2:$A$200=$A14),GarminSessions!$E$2:$E$200)>0,LOOKUP(2,1/(GarminSessions!$A$2:$A$200=$A14),GarminSessions!$E$2:$E$200),""),"") | F14: =IFERROR(IF(LOOKUP(2,1/(GarminSessions!$A$2:$A$200=$A14),GarminSessions!$F$2:$F$200)>0,LOOKUP(2,1/(GarminSessions!$A$2:$A$200=$A14),GarminSessions!$F$2:$F$200),""),"") | G14: =IFERROR(IF(LOOKUP(2,1/(GarminSessions!$A$2:$A$200=$A14),GarminSessions!$G$2:$G$200)>0,LOOKUP(2,1/(GarminSessions!$A$2:$A$200=$A14),GarminSessions!$G$2:$G$200),""),"") | H14: =IFERROR(IF(LOOKUP(2,1/(GarminSessions!$A$2:$A$200=$A14),GarminSessions!$H$2:$H$200)>0,LOOKUP(2,1/(GarminSessions!$A$2:$A$200=$A14),GarminSessions!$H$2:$H$200),""),"") | I14: =IFERROR(IF(LOOKUP(2,1/(GarminSessions!$A$2:$A$200=$A14),GarminSessions!$I$2:$I$200)>0,LOOKUP(2,1/(GarminSessions!$A$2:$A$200=$A14),GarminSessions!$I$2:$I$200),""),"") | J14: =IFERROR(IF(LOOKUP(2,1/(GarminSessions!$A$2:$A$200=$A14),GarminSessions!$J$2:$J$200)>0,LOOKUP(2,1/(GarminSessions!$A$2:$A$200=$A14),GarminSessions!$J$2:$J$200),""),"") | K14: =IFERROR(IF(LOOKUP(2,1/(GarminSessions!$A$2:$A$200=$A14),GarminSessions!$K$2:$K$200)>0,LOOKUP(2,1/(GarminSessions!$A$2:$A$200=$A14),GarminSessions!$K$2:$K$200),""),"") | L14: =IFERROR(IF(LOOKUP(2,1/(GarminSessions!$A$2:$A$200=$A14),GarminSessions!$L$2:$L$200)>0,LOOKUP(2,1/(GarminSessions!$A$2:$A$200=$A14),GarminSessions!$L$2:$L$200),""),"") | M14: =IFERROR(IF(LOOKUP(2,1/(GarminSessions!$A$2:$A$200=$A14),GarminSessions!$M$2:$M$200)>0,LOOKUP(2,1/(GarminSessions!$A$2:$A$200=$A14),GarminSessions!$M$2:$M$200),""),"") | N14: =IFERROR(IF(LOOKUP(2,1/(GarminSessions!$A$2:$A$200=$A14),GarminSessions!$N$2:$N$200)>0,LOOKUP(2,1/(GarminSessions!$A$2:$A$200=$A14),GarminSessions!$N$2:$N$200),""),"") | O14: =IFERROR(LOOKUP(2,1/(GarminSessions!$A$2:$A$200=$A14),GarminSessions!$O$2:$O$200),"") | P14: =IFERROR(LOOKUP(2,1/(GarminSessions!$A$2:$A$200=$A14),GarminSessions!$P$2:$P$200),"") | Q14: =IFERROR(LOOKUP(2,1/(GarminSessions!$A$2:$A$200=$A14),GarminSessions!$Q$2:$Q$200),"") | R14: =IFERROR(LOOKUP(2,1/(GarminSessions!$A$2:$A$200=$A14),GarminSessions!$R$2:$R$200),"") | S14: =IFERROR(LOOKUP(2,1/(GarminSessions!$A$2:$A$200=$A14),GarminSessions!$S$2:$S$200),"") | T14: =IFERROR(IF(LOOKUP(2,1/(GarminSessions!$A$2:$A$200=$A14),GarminSessions!$U$2:$U$200)="","",LOOKUP(2,1/(GarminSessions!$A$2:$A$200=$A14),GarminSessions!$U$2:$U$200)),"")
A15: P10 | B15: =IFERROR(LOOKUP(2,1/(GarminSessions!$A$2:$A$200=$A15),GarminSessions!$D$2:$D$200),"") | C15: =IFERROR(IF(LOOKUP(2,1/(GarminSessions!$A$2:$A$200=$A15),GarminSessions!$T$2:$T$200)="","",LOOKUP(2,1/(GarminSessions!$A$2:$A$200=$A15),GarminSessions!$T$2:$T$200)),"") | D15: =COUNT(E15:N15) -> 0 | E15: =IFERROR(IF(LOOKUP(2,1/(GarminSessions!$A$2:$A$200=$A15),GarminSessions!$E$2:$E$200)>0,LOOKUP(2,1/(GarminSessions!$A$2:$A$200=$A15),GarminSessions!$E$2:$E$200),""),"") | F15: =IFERROR(IF(LOOKUP(2,1/(GarminSessions!$A$2:$A$200=$A15),GarminSessions!$F$2:$F$200)>0,LOOKUP(2,1/(GarminSessions!$A$2:$A$200=$A15),GarminSessions!$F$2:$F$200),""),"") | G15: =IFERROR(IF(LOOKUP(2,1/(GarminSessions!$A$2:$A$200=$A15),GarminSessions!$G$2:$G$200)>0,LOOKUP(2,1/(GarminSessions!$A$2:$A$200=$A15),GarminSessions!$G$2:$G$200),""),"") | H15: =IFERROR(IF(LOOKUP(2,1/(GarminSessions!$A$2:$A$200=$A15),GarminSessions!$H$2:$H$200)>0,LOOKUP(2,1/(GarminSessions!$A$2:$A$200=$A15),GarminSessions!$H$2:$H$200),""),"") | I15: =IFERROR(IF(LOOKUP(2,1/(GarminSessions!$A$2:$A$200=$A15),GarminSessions!$I$2:$I$200)>0,LOOKUP(2,1/(GarminSessions!$A$2:$A$200=$A15),GarminSessions!$I$2:$I$200),""),"") | J15: =IFERROR(IF(LOOKUP(2,1/(GarminSessions!$A$2:$A$200=$A15),GarminSessions!$J$2:$J$200)>0,LOOKUP(2,1/(GarminSessions!$A$2:$A$200=$A15),GarminSessions!$J$2:$J$200),""),"") | K15: =IFERROR(IF(LOOKUP(2,1/(GarminSessions!$A$2:$A$200=$A15),GarminSessions!$K$2:$K$200)>0,LOOKUP(2,1/(GarminSessions!$A$2:$A$200=$A15),GarminSessions!$K$2:$K$200),""),"") | L15: =IFERROR(IF(LOOKUP(2,1/(GarminSessions!$A$2:$A$200=$A15),GarminSessions!$L$2:$L$200)>0,LOOKUP(2,1/(GarminSessions!$A$2:$A$200=$A15),GarminSessions!$L$2:$L$200),""),"") | M15: =IFERROR(IF(LOOKUP(2,1/(GarminSessions!$A$2:$A$200=$A15),GarminSessions!$M$2:$M$200)>0,LOOKUP(2,1/(GarminSessions!$A$2:$A$200=$A15),GarminSessions!$M$2:$M$200),""),"") | N15: =IFERROR(IF(LOOKUP(2,1/(GarminSessions!$A$2:$A$200=$A15),GarminSessions!$N$2:$N$200)>0,LOOKUP(2,1/(GarminSessions!$A$2:$A$200=$A15),GarminSessions!$N$2:$N$200),""),"") | O15: =IFERROR(LOOKUP(2,1/(GarminSessions!$A$2:$A$200=$A15),GarminSessions!$O$2:$O$200),"") | P15: =IFERROR(LOOKUP(2,1/(GarminSessions!$A$2:$A$200=$A15),GarminSessions!$P$2:$P$200),"") | Q15: =IFERROR(LOOKUP(2,1/(GarminSessions!$A$2:$A$200=$A15),GarminSessions!$Q$2:$Q$200),"") | R15: =IFERROR(LOOKUP(2,1/(GarminSessions!$A$2:$A$200=$A15),GarminSessions!$R$2:$R$200),"") | S15: =IFERROR(LOOKUP(2,1/(GarminSessions!$A$2:$A$200=$A15),GarminSessions!$S$2:$S$200),"") | T15: =IFERROR(IF(LOOKUP(2,1/(GarminSessions!$A$2:$A$200=$A15),GarminSessions!$U$2:$U$200)="","",LOOKUP(2,1/(GarminSessions!$A$2:$A$200=$A15),GarminSessions!$U$2:$U$200)),"")
A16: SEATING DEPTH (Seating Depth Tests 1–10 → rows 17–26)
A17: S1 | B17: =IFERROR(LOOKUP(2,1/(GarminSessions!$A$2:$A$200=$A17),GarminSessions!$D$2:$D$200),"") -> 2026-04-26 | C17: =IFERROR(IF(LOOKUP(2,1/(GarminSessions!$A$2:$A$200=$A17),GarminSessions!$T$2:$T$200)="","",LOOKUP(2,1/(GarminSessions!$A$2:$A$200=$A17),GarminSessions!$T$2:$T$200)),"") -> Seating depth +0.005 jump | D17: =COUNT(E17:N17) -> 10 | E17: =IFERROR(IF(LOOKUP(2,1/(GarminSessions!$A$2:$A$200=$A17),GarminSessions!$E$2:$E$200)>0,LOOKUP(2,1/(GarminSessions!$A$2:$A$200=$A17),GarminSessions!$E$2:$E$200),""),"") -> 2782 | F17: =IFERROR(IF(LOOKUP(2,1/(GarminSessions!$A$2:$A$200=$A17),GarminSessions!$F$2:$F$200)>0,LOOKUP(2,1/(GarminSessions!$A$2:$A$200=$A17),GarminSessions!$F$2:$F$200),""),"") -> 2778 | G17: =IFERROR(IF(LOOKUP(2,1/(GarminSessions!$A$2:$A$200=$A17),GarminSessions!$G$2:$G$200)>0,LOOKUP(2,1/(GarminSessions!$A$2:$A$200=$A17),GarminSessions!$G$2:$G$200),""),"") -> 2780 | H17: =IFERROR(IF(LOOKUP(2,1/(GarminSessions!$A$2:$A$200=$A17),GarminSessions!$H$2:$H$200)>0,LOOKUP(2,1/(GarminSessions!$A$2:$A$200=$A17),GarminSessions!$H$2:$H$200),""),"") -> 2784 | I17: =IFERROR(IF(LOOKUP(2,1/(GarminSessions!$A$2:$A$200=$A17),GarminSessions!$I$2:$I$200)>0,LOOKUP(2,1/(GarminSessions!$A$2:$A$200=$A17),GarminSessions!$I$2:$I$200),""),"") -> 2780 | J17: =IFERROR(IF(LOOKUP(2,1/(GarminSessions!$A$2:$A$200=$A17),GarminSessions!$J$2:$J$200)>0,LOOKUP(2,1/(GarminSessions!$A$2:$A$200=$A17),GarminSessions!$J$2:$J$200),""),"") -> 2778 | K17: =IFERROR(IF(LOOKUP(2,1/(GarminSessions!$A$2:$A$200=$A17),GarminSessions!$K$2:$K$200)>0,LOOKUP(2,1/(GarminSessions!$A$2:$A$200=$A17),GarminSessions!$K$2:$K$200),""),"") -> 2782 | L17: =IFERROR(IF(LOOKUP(2,1/(GarminSessions!$A$2:$A$200=$A17),GarminSessions!$L$2:$L$200)>0,LOOKUP(2,1/(GarminSessions!$A$2:$A$200=$A17),GarminSessions!$L$2:$L$200),""),"") -> 2780 | M17: =IFERROR(IF(LOOKUP(2,1/(GarminSessions!$A$2:$A$200=$A17),GarminSessions!$M$2:$M$200)>0,LOOKUP(2,1/(GarminSessions!$A$2:$A$200=$A17),GarminSessions!$M$2:$M$200),""),"") -> 2784 | N17: =IFERROR(IF(LOOKUP(2,1/(GarminSessions!$A$2:$A$200=$A17),GarminSessions!$N$2:$N$200)>0,LOOKUP(2,1/(GarminSessions!$A$2:$A$200=$A17),GarminSessions!$N$2:$N$200),""),"") -> 2782 | O17: =IFERROR(LOOKUP(2,1/(GarminSessions!$A$2:$A$200=$A17),GarminSessions!$O$2:$O$200),"") -> 2781 | P17: =IFERROR(LOOKUP(2,1/(GarminSessions!$A$2:$A$200=$A17),GarminSessions!$P$2:$P$200),"") -> 2.2 | Q17: =IFERROR(LOOKUP(2,1/(GarminSessions!$A$2:$A$200=$A17),GarminSessions!$Q$2:$Q$200),"") -> 6 | R17: =IFERROR(LOOKUP(2,1/(GarminSessions!$A$2:$A$200=$A17),GarminSessions!$R$2:$R$200),"") -> 140 | S17: =IFERROR(LOOKUP(2,1/(GarminSessions!$A$2:$A$200=$A17),GarminSessions!$S$2:$S$200),"") -> 2404 | T17: =IFERROR(IF(LOOKUP(2,1/(GarminSessions!$A$2:$A$200=$A17),GarminSessions!$U$2:$U$200)="","",LOOKUP(2,1/(GarminSessions!$A$2:$A$200=$A17),GarminSessions!$U$2:$U$200)),"") -> 42.4gr H4350, same brass/primer as PL
A18: S2 | B18: =IFERROR(LOOKUP(2,1/(GarminSessions!$A$2:$A$200=$A18),GarminSessions!$D$2:$D$200),"") -> 2026-04-26 | C18: =IFERROR(IF(LOOKUP(2,1/(GarminSessions!$A$2:$A$200=$A18),GarminSessions!$T$2:$T$200)="","",LOOKUP(2,1/(GarminSessions!$A$2:$A$200=$A18),GarminSessions!$T$2:$T$200)),"") -> Seating depth +0.020 jump | D18: =COUNT(E18:N18) -> 10 | E18: =IFERROR(IF(LOOKUP(2,1/(GarminSessions!$A$2:$A$200=$A18),GarminSessions!$E$2:$E$200)>0,LOOKUP(2,1/(GarminSessions!$A$2:$A$200=$A18),GarminSessions!$E$2:$E$200),""),"") -> 2780 | F18: =IFERROR(IF(LOOKUP(2,1/(GarminSessions!$A$2:$A$200=$A18),GarminSessions!$F$2:$F$200)>0,LOOKUP(2,1/(GarminSessions!$A$2:$A$200=$A18),GarminSessions!$F$2:$F$200),""),"") -> 2778 | G18: =IFERROR(IF(LOOKUP(2,1/(GarminSessions!$A$2:$A$200=$A18),GarminSessions!$G$2:$G$200)>0,LOOKUP(2,1/(GarminSessions!$A$2:$A$200=$A18),GarminSessions!$G$2:$G$200),""),"") -> 2782 | H18: =IFERROR(IF(LOOKUP(2,1/(GarminSessions!$A$2:$A$200=$A18),GarminSessions!$H$2:$H$200)>0,LOOKUP(2,1/(GarminSessions!$A$2:$A$200=$A18),GarminSessions!$H$2:$H$200),""),"") -> 2776 | I18: =IFERROR(IF(LOOKUP(2,1/(GarminSessions!$A$2:$A$200=$A18),GarminSessions!$I$2:$I$200)>0,LOOKUP(2,1/(GarminSessions!$A$2:$A$200=$A18),GarminSessions!$I$2:$I$200),""),"") -> 2780 | J18: =IFERROR(IF(LOOKUP(2,1/(GarminSessions!$A$2:$A$200=$A18),GarminSessions!$J$2:$J$200)>0,LOOKUP(2,1/(GarminSessions!$A$2:$A$200=$A18),GarminSessions!$J$2:$J$200),""),"") -> 2778 | K18: =IFERROR(IF(LOOKUP(2,1/(GarminSessions!$A$2:$A$200=$A18),GarminSessions!$K$2:$K$200)>0,LOOKUP(2,1/(GarminSessions!$A$2:$A$200=$A18),GarminSessions!$K$2:$K$200),""),"") -> 2780 | L18: =IFERROR(IF(LOOKUP(2,1/(GarminSessions!$A$2:$A$200=$A18),GarminSessions!$L$2:$L$200)>0,LOOKUP(2,1/(GarminSessions!$A$2:$A$200=$A18),GarminSessions!$L$2:$L$200),""),"") -> 2784 | M18: =IFERROR(IF(LOOKUP(2,1/(GarminSessions!$A$2:$A$200=$A18),GarminSessions!$M$2:$M$200)>0,LOOKUP(2,1/(GarminSessions!$A$2:$A$200=$A18),GarminSessions!$M$2:$M$200),""),"") -> 2780 | N18: =IFERROR(IF(LOOKUP(2,1/(GarminSessions!$A$2:$A$200=$A18),GarminSessions!$N$2:$N$200)>0,LOOKUP(2,1/(GarminSessions!$A$2:$A$200=$A18),GarminSessions!$N$2:$N$200),""),"") -> 2782 | O18: =IFERROR(LOOKUP(2,1/(GarminSessions!$A$2:$A$200=$A18),GarminSessions!$O$2:$O$200),"") -> 2780 | P18: =IFERROR(LOOKUP(2,1/(GarminSessions!$A$2:$A$200=$A18),GarminSessions!$P$2:$P$200),"") -> 2.4 | Q18: =IFERROR(LOOKUP(2,1/(GarminSessions!$A$2:$A$200=$A18),GarminSessions!$Q$2:$Q$200),"") -> 8 | R18: =IFERROR(LOOKUP(2,1/(GarminSessions!$A$2:$A$200=$A18),GarminSessions!$R$2:$R$200),"") -> 140 | S18: =IFERROR(LOOKUP(2,1/(GarminSessions!$A$2:$A$200=$A18),GarminSessions!$S$2:$S$200),"") -> 2402 | T18: =IFERROR(IF(LOOKUP(2,1/(GarminSessions!$A$2:$A$200=$A18),GarminSessions!$U$2:$U$200)="","",LOOKUP(2,1/(GarminSessions!$A$2:$A$200=$A18),GarminSessions!$U$2:$U$200)),"") -> 42.4gr H4350, same brass/primer as PL
A19: S3 | B19: =IFERROR(LOOKUP(2,1/(GarminSessions!$A$2:$A$200=$A19),GarminSessions!$D$2:$D$200),"") -> 2026-04-26 | C19: =IFERROR(IF(LOOKUP(2,1/(GarminSessions!$A$2:$A$200=$A19),GarminSessions!$T$2:$T$200)="","",LOOKUP(2,1/(GarminSessions!$A$2:$A$200=$A19),GarminSessions!$T$2:$T$200)),"") -> Seating depth +0.035 jump (WINNER) | D19: =COUNT(E19:N19) -> 10 | E19: =IFERROR(IF(LOOKUP(2,1/(GarminSessions!$A$2:$A$200=$A19),GarminSessions!$E$2:$E$200)>0,LOOKUP(2,1/(GarminSessions!$A$2:$A$200=$A19),GarminSessions!$E$2:$E$200),""),"") -> 2780 | F19: =IFERROR(IF(LOOKUP(2,1/(GarminSessions!$A$2:$A$200=$A19),GarminSessions!$F$2:$F$200)>0,LOOKUP(2,1/(GarminSessions!$A$2:$A$200=$A19),GarminSessions!$F$2:$F$200),""),"") -> 2781 | G19: =IFERROR(IF(LOOKUP(2,1/(GarminSessions!$A$2:$A$200=$A19),GarminSessions!$G$2:$G$200)>0,LOOKUP(2,1/(GarminSessions!$A$2:$A$200=$A19),GarminSessions!$G$2:$G$200),""),"") -> 2780 | H19: =IFERROR(IF(LOOKUP(2,1/(GarminSessions!$A$2:$A$200=$A19),GarminSessions!$H$2:$H$200)>0,LOOKUP(2,1/(GarminSessions!$A$2:$A$200=$A19),GarminSessions!$H$2:$H$200),""),"") -> 2782 | I19: =IFERROR(IF(LOOKUP(2,1/(GarminSessions!$A$2:$A$200=$A19),GarminSessions!$I$2:$I$200)>0,LOOKUP(2,1/(GarminSessions!$A$2:$A$200=$A19),GarminSessions!$I$2:$I$200),""),"") -> 2780 | J19: =IFERROR(IF(LOOKUP(2,1/(GarminSessions!$A$2:$A$200=$A19),GarminSessions!$J$2:$J$200)>0,LOOKUP(2,1/(GarminSessions!$A$2:$A$200=$A19),GarminSessions!$J$2:$J$200),""),"") -> 2780 | K19: =IFERROR(IF(LOOKUP(2,1/(GarminSessions!$A$2:$A$200=$A19),GarminSessions!$K$2:$K$200)>0,LOOKUP(2,1/(GarminSessions!$A$2:$A$200=$A19),GarminSessions!$K$2:$K$200),""),"") -> 2782 | L19: =IFERROR(IF(LOOKUP(2,1/(GarminSessions!$A$2:$A$200=$A19),GarminSessions!$L$2:$L$200)>0,LOOKUP(2,1/(GarminSessions!$A$2:$A$200=$A19),GarminSessions!$L$2:$L$200),""),"") -> 2780 | M19: =IFERROR(IF(LOOKUP(2,1/(GarminSessions!$A$2:$A$200=$A19),GarminSessions!$M$2:$M$200)>0,LOOKUP(2,1/(GarminSessions!$A$2:$A$200=$A19),GarminSessions!$M$2:$M$200),""),"") -> 2780 | N19: =IFERROR(IF(LOOKUP(2,1/(GarminSessions!$A$2:$A$200=$A19),GarminSessions!$N$2:$N$200)>0,LOOKUP(2,1/(GarminSessions!$A$2:$A$200=$A19),GarminSessions!$N$2:$N$200),""),"") -> 2781 | O19: =IFERROR(LOOKUP(2,1/(GarminSessions!$A$2:$A$200=$A19),GarminSessions!$O$2:$O$200),"") -> 2780.6 | P19: =IFERROR(LOOKUP(2,1/(GarminSessions!$A$2:$A$200=$A19),GarminSessions!$P$2:$P$200),"") -> 0.8 | Q19: =IFERROR(LOOKUP(2,1/(GarminSessions!$A$2:$A$200=$A19),GarminSessions!$Q$2:$Q$200),"") -> 2 | R19: =IFERROR(LOOKUP(2,1/(GarminSessions!$A$2:$A$200=$A19),GarminSessions!$R$2:$R$200),"") -> 140 | S19: =IFERROR(LOOKUP(2,1/(GarminSessions!$A$2:$A$200=$A19),GarminSessions!$S$2:$S$200),"") -> 2403 | T19: =IFERROR(IF(LOOKUP(2,1/(GarminSessions!$A$2:$A$200=$A19),GarminSessions!$U$2:$U$200)="","",LOOKUP(2,1/(GarminSessions!$A$2:$A$200=$A19),GarminSessions!$U$2:$U$200)),"") -> 42.4gr H4350, same brass/primer as PL
A20: S4 | B20: =IFERROR(LOOKUP(2,1/(GarminSessions!$A$2:$A$200=$A20),GarminSessions!$D$2:$D$200),"") -> 2026-04-26 | C20: =IFERROR(IF(LOOKUP(2,1/(GarminSessions!$A$2:$A$200=$A20),GarminSessions!$T$2:$T$200)="","",LOOKUP(2,1/(GarminSessions!$A$2:$A$200=$A20),GarminSessions!$T$2:$T$200)),"") -> Seating depth +0.050 jump | D20: =COUNT(E20:N20) -> 10 | E20: =IFERROR(IF(LOOKUP(2,1/(GarminSessions!$A$2:$A$200=$A20),GarminSessions!$E$2:$E$200)>0,LOOKUP(2,1/(GarminSessions!$A$2:$A$200=$A20),GarminSessions!$E$2:$E$200),""),"") -> 2780 | F20: =IFERROR(IF(LOOKUP(2,1/(GarminSessions!$A$2:$A$200=$A20),GarminSessions!$F$2:$F$200)>0,LOOKUP(2,1/(GarminSessions!$A$2:$A$200=$A20),GarminSessions!$F$2:$F$200),""),"") -> 2784 | G20: =IFERROR(IF(LOOKUP(2,1/(GarminSessions!$A$2:$A$200=$A20),GarminSessions!$G$2:$G$200)>0,LOOKUP(2,1/(GarminSessions!$A$2:$A$200=$A20),GarminSessions!$G$2:$G$200),""),"") -> 2776 | H20: =IFERROR(IF(LOOKUP(2,1/(GarminSessions!$A$2:$A$200=$A20),GarminSessions!$H$2:$H$200)>0,LOOKUP(2,1/(GarminSessions!$A$2:$A$200=$A20),GarminSessions!$H$2:$H$200),""),"") -> 2782 | I20: =IFERROR(IF(LOOKUP(2,1/(GarminSessions!$A$2:$A$200=$A20),GarminSessions!$I$2:$I$200)>0,LOOKUP(2,1/(GarminSessions!$A$2:$A$200=$A20),GarminSessions!$I$2:$I$200),""),"") -> 2780 | J20: =IFERROR(IF(LOOKUP(2,1/(GarminSessions!$A$2:$A$200=$A20),GarminSessions!$J$2:$J$200)>0,LOOKUP(2,1/(GarminSessions!$A$2:$A$200=$A20),GarminSessions!$J$2:$J$200),""),"") -> 2778 | K20: =IFERROR(IF(LOOKUP(2,1/(GarminSessions!$A$2:$A$200=$A20),GarminSessions!$K$2:$K$200)>0,LOOKUP(2,1/(GarminSessions!$A$2:$A$200=$A20),GarminSessions!$K$2:$K$200),""),"") -> 2784 | L20: =IFERROR(IF(LOOKUP(2,1/(GarminSessions!$A$2:$A$200=$A20),GarminSessions!$L$2:$L$200)>0,LOOKUP(2,1/(GarminSessions!$A$2:$A$200=$A20),GarminSessions!$L$2:$L$200),""),"") -> 2780 | M20: =IFERROR(IF(LOOKUP(2,1/(GarminSessions!$A$2:$A$200=$A20),GarminSessions!$M$2:$M$200)>0,LOOKUP(2,1/(GarminSessions!$A$2:$A$200=$A20),GarminSessions!$M$2:$M$200),""),"") -> 2782 | N20: =IFERROR(IF(LOOKUP(2,1/(GarminSessions!$A$2:$A$200=$A20),GarminSessions!$N$2:$N$200)>0,LOOKUP(2,1/(GarminSessions!$A$2:$A$200=$A20),GarminSessions!$N$2:$N$200),""),"") -> 2774 | O20: =IFERROR(LOOKUP(2,1/(GarminSessions!$A$2:$A$200=$A20),GarminSessions!$O$2:$O$200),"") -> 2780 | P20: =IFERROR(LOOKUP(2,1/(GarminSessions!$A$2:$A$200=$A20),GarminSessions!$P$2:$P$200),"") -> 3.4 | Q20: =IFERROR(LOOKUP(2,1/(GarminSessions!$A$2:$A$200=$A20),GarminSessions!$Q$2:$Q$200),"") -> 10 | R20: =IFERROR(LOOKUP(2,1/(GarminSessions!$A$2:$A$200=$A20),GarminSessions!$R$2:$R$200),"") -> 140 | S20: =IFERROR(LOOKUP(2,1/(GarminSessions!$A$2:$A$200=$A20),GarminSessions!$S$2:$S$200),"") -> 2402 | T20: =IFERROR(IF(LOOKUP(2,1/(GarminSessions!$A$2:$A$200=$A20),GarminSessions!$U$2:$U$200)="","",LOOKUP(2,1/(GarminSessions!$A$2:$A$200=$A20),GarminSessions!$U$2:$U$200)),"") -> 42.4gr H4350, same brass/primer as PL
A21: S5 | B21: =IFERROR(LOOKUP(2,1/(GarminSessions!$A$2:$A$200=$A21),GarminSessions!$D$2:$D$200),"") -> 2026-04-26 | C21: =IFERROR(IF(LOOKUP(2,1/(GarminSessions!$A$2:$A$200=$A21),GarminSessions!$T$2:$T$200)="","",LOOKUP(2,1/(GarminSessions!$A$2:$A$200=$A21),GarminSessions!$T$2:$T$200)),"") -> Seating depth +0.065 jump | D21: =COUNT(E21:N21) -> 10 | E21: =IFERROR(IF(LOOKUP(2,1/(GarminSessions!$A$2:$A$200=$A21),GarminSessions!$E$2:$E$200)>0,LOOKUP(2,1/(GarminSessions!$A$2:$A$200=$A21),GarminSessions!$E$2:$E$200),""),"") -> 2780 | F21: =IFERROR(IF(LOOKUP(2,1/(GarminSessions!$A$2:$A$200=$A21),GarminSessions!$F$2:$F$200)>0,LOOKUP(2,1/(GarminSessions!$A$2:$A$200=$A21),GarminSessions!$F$2:$F$200),""),"") -> 2786 | G21: =IFERROR(IF(LOOKUP(2,1/(GarminSessions!$A$2:$A$200=$A21),GarminSessions!$G$2:$G$200)>0,LOOKUP(2,1/(GarminSessions!$A$2:$A$200=$A21),GarminSessions!$G$2:$G$200),""),"") -> 2774 | H21: =IFERROR(IF(LOOKUP(2,1/(GarminSessions!$A$2:$A$200=$A21),GarminSessions!$H$2:$H$200)>0,LOOKUP(2,1/(GarminSessions!$A$2:$A$200=$A21),GarminSessions!$H$2:$H$200),""),"") -> 2784 | I21: =IFERROR(IF(LOOKUP(2,1/(GarminSessions!$A$2:$A$200=$A21),GarminSessions!$I$2:$I$200)>0,LOOKUP(2,1/(GarminSessions!$A$2:$A$200=$A21),GarminSessions!$I$2:$I$200),""),"") -> 2776 | J21: =IFERROR(IF(LOOKUP(2,1/(GarminSessions!$A$2:$A$200=$A21),GarminSessions!$J$2:$J$200)>0,LOOKUP(2,1/(GarminSessions!$A$2:$A$200=$A21),GarminSessions!$J$2:$J$200),""),"") -> 2782 | K21: =IFERROR(IF(LOOKUP(2,1/(GarminSessions!$A$2:$A$200=$A21),GarminSessions!$K$2:$K$200)>0,LOOKUP(2,1/(GarminSessions!$A$2:$A$200=$A21),GarminSessions!$K$2:$K$200),""),"") -> 2772 | L21: =IFERROR(IF(LOOKUP(2,1/(GarminSessions!$A$2:$A$200=$A21),GarminSessions!$L$2:$L$200)>0,LOOKUP(2,1/(GarminSessions!$A$2:$A$200=$A21),GarminSessions!$L$2:$L$200),""),"") -> 2786 | M21: =IFERROR(IF(LOOKUP(2,1/(GarminSessions!$A$2:$A$200=$A21),GarminSessions!$M$2:$M$200)>0,LOOKUP(2,1/(GarminSessions!$A$2:$A$200=$A21),GarminSessions!$M$2:$M$200),""),"") -> 2776 | N21: =IFERROR(IF(LOOKUP(2,1/(GarminSessions!$A$2:$A$200=$A21),GarminSessions!$N$2:$N$200)>0,LOOKUP(2,1/(GarminSessions!$A$2:$A$200=$A21),GarminSessions!$N$2:$N$200),""),"") -> 2784 | O21: =IFERROR(LOOKUP(2,1/(GarminSessions!$A$2:$A$200=$A21),GarminSessions!$O$2:$O$200),"") -> 2780 | P21: =IFERROR(LOOKUP(2,1/(GarminSessions!$A$2:$A$200=$A21),GarminSessions!$P$2:$P$200),"") -> 5.1 | Q21: =IFERROR(LOOKUP(2,1/(GarminSessions!$A$2:$A$200=$A21),GarminSessions!$Q$2:$Q$200),"") -> 14 | R21: =IFERROR(LOOKUP(2,1/(GarminSessions!$A$2:$A$200=$A21),GarminSessions!$R$2:$R$200),"") -> 140 | S21: =IFERROR(LOOKUP(2,1/(GarminSessions!$A$2:$A$200=$A21),GarminSessions!$S$2:$S$200),"") -> 2402 | T21: =IFERROR(IF(LOOKUP(2,1/(GarminSessions!$A$2:$A$200=$A21),GarminSessions!$U$2:$U$200)="","",LOOKUP(2,1/(GarminSessions!$A$2:$A$200=$A21),GarminSessions!$U$2:$U$200)),"") -> 42.4gr H4350, same brass/primer as PL
A22: S6 | B22: =IFERROR(LOOKUP(2,1/(GarminSessions!$A$2:$A$200=$A22),GarminSessions!$D$2:$D$200),"") | C22: =IFERROR(IF(LOOKUP(2,1/(GarminSessions!$A$2:$A$200=$A22),GarminSessions!$T$2:$T$200)="","",LOOKUP(2,1/(GarminSessions!$A$2:$A$200=$A22),GarminSessions!$T$2:$T$200)),"") | D22: =COUNT(E22:N22) -> 0 | E22: =IFERROR(IF(LOOKUP(2,1/(GarminSessions!$A$2:$A$200=$A22),GarminSessions!$E$2:$E$200)>0,LOOKUP(2,1/(GarminSessions!$A$2:$A$200=$A22),GarminSessions!$E$2:$E$200),""),"") | F22: =IFERROR(IF(LOOKUP(2,1/(GarminSessions!$A$2:$A$200=$A22),GarminSessions!$F$2:$F$200)>0,LOOKUP(2,1/(GarminSessions!$A$2:$A$200=$A22),GarminSessions!$F$2:$F$200),""),"") | G22: =IFERROR(IF(LOOKUP(2,1/(GarminSessions!$A$2:$A$200=$A22),GarminSessions!$G$2:$G$200)>0,LOOKUP(2,1/(GarminSessions!$A$2:$A$200=$A22),GarminSessions!$G$2:$G$200),""),"") | H22: =IFERROR(IF(LOOKUP(2,1/(GarminSessions!$A$2:$A$200=$A22),GarminSessions!$H$2:$H$200)>0,LOOKUP(2,1/(GarminSessions!$A$2:$A$200=$A22),GarminSessions!$H$2:$H$200),""),"") | I22: =IFERROR(IF(LOOKUP(2,1/(GarminSessions!$A$2:$A$200=$A22),GarminSessions!$I$2:$I$200)>0,LOOKUP(2,1/(GarminSessions!$A$2:$A$200=$A22),GarminSessions!$I$2:$I$200),""),"") | J22: =IFERROR(IF(LOOKUP(2,1/(GarminSessions!$A$2:$A$200=$A22),GarminSessions!$J$2:$J$200)>0,LOOKUP(2,1/(GarminSessions!$A$2:$A$200=$A22),GarminSessions!$J$2:$J$200),""),"") | K22: =IFERROR(IF(LOOKUP(2,1/(GarminSessions!$A$2:$A$200=$A22),GarminSessions!$K$2:$K$200)>0,LOOKUP(2,1/(GarminSessions!$A$2:$A$200=$A22),GarminSessions!$K$2:$K$200),""),"") | L22: =IFERROR(IF(LOOKUP(2,1/(GarminSessions!$A$2:$A$200=$A22),GarminSessions!$L$2:$L$200)>0,LOOKUP(2,1/(GarminSessions!$A$2:$A$200=$A22),GarminSessions!$L$2:$L$200),""),"") | M22: =IFERROR(IF(LOOKUP(2,1/(GarminSessions!$A$2:$A$200=$A22),GarminSessions!$M$2:$M$200)>0,LOOKUP(2,1/(GarminSessions!$A$2:$A$200=$A22),GarminSessions!$M$2:$M$200),""),"") | N22: =IFERROR(IF(LOOKUP(2,1/(GarminSessions!$A$2:$A$200=$A22),GarminSessions!$N$2:$N$200)>0,LOOKUP(2,1/(GarminSessions!$A$2:$A$200=$A22),GarminSessions!$N$2:$N$200),""),"") | O22: =IFERROR(LOOKUP(2,1/(GarminSessions!$A$2:$A$200=$A22),GarminSessions!$O$2:$O$200),"") | P22: =IFERROR(LOOKUP(2,1/(GarminSessions!$A$2:$A$200=$A22),GarminSessions!$P$2:$P$200),"") | Q22: =IFERROR(LOOKUP(2,1/(GarminSessions!$A$2:$A$200=$A22),GarminSessions!$Q$2:$Q$200),"") | R22: =IFERROR(LOOKUP(2,1/(GarminSessions!$A$2:$A$200=$A22),GarminSessions!$R$2:$R$200),"") | S22: =IFERROR(LOOKUP(2,1/(GarminSessions!$A$2:$A$200=$A22),GarminSessions!$S$2:$S$200),"") | T22: =IFERROR(IF(LOOKUP(2,1/(GarminSessions!$A$2:$A$200=$A22),GarminSessions!$U$2:$U$200)="","",LOOKUP(2,1/(GarminSessions!$A$2:$A$200=$A22),GarminSessions!$U$2:$U$200)),"")
A23: S7 | B23: =IFERROR(LOOKUP(2,1/(GarminSessions!$A$2:$A$200=$A23),GarminSessions!$D$2:$D$200),"") | C23: =IFERROR(IF(LOOKUP(2,1/(GarminSessions!$A$2:$A$200=$A23),GarminSessions!$T$2:$T$200)="","",LOOKUP(2,1/(GarminSessions!$A$2:$A$200=$A23),GarminSessions!$T$2:$T$200)),"") | D23: =COUNT(E23:N23) -> 0 | E23: =IFERROR(IF(LOOKUP(2,1/(GarminSessions!$A$2:$A$200=$A23),GarminSessions!$E$2:$E$200)>0,LOOKUP(2,1/(GarminSessions!$A$2:$A$200=$A23),GarminSessions!$E$2:$E$200),""),"") | F23: =IFERROR(IF(LOOKUP(2,1/(GarminSessions!$A$2:$A$200=$A23),GarminSessions!$F$2:$F$200)>0,LOOKUP(2,1/(GarminSessions!$A$2:$A$200=$A23),GarminSessions!$F$2:$F$200),""),"") | G23: =IFERROR(IF(LOOKUP(2,1/(GarminSessions!$A$2:$A$200=$A23),GarminSessions!$G$2:$G$200)>0,LOOKUP(2,1/(GarminSessions!$A$2:$A$200=$A23),GarminSessions!$G$2:$G$200),""),"") | H23: =IFERROR(IF(LOOKUP(2,1/(GarminSessions!$A$2:$A$200=$A23),GarminSessions!$H$2:$H$200)>0,LOOKUP(2,1/(GarminSessions!$A$2:$A$200=$A23),GarminSessions!$H$2:$H$200),""),"") | I23: =IFERROR(IF(LOOKUP(2,1/(GarminSessions!$A$2:$A$200=$A23),GarminSessions!$I$2:$I$200)>0,LOOKUP(2,1/(GarminSessions!$A$2:$A$200=$A23),GarminSessions!$I$2:$I$200),""),"") | J23: =IFERROR(IF(LOOKUP(2,1/(GarminSessions!$A$2:$A$200=$A23),GarminSessions!$J$2:$J$200)>0,LOOKUP(2,1/(GarminSessions!$A$2:$A$200=$A23),GarminSessions!$J$2:$J$200),""),"") | K23: =IFERROR(IF(LOOKUP(2,1/(GarminSessions!$A$2:$A$200=$A23),GarminSessions!$K$2:$K$200)>0,LOOKUP(2,1/(GarminSessions!$A$2:$A$200=$A23),GarminSessions!$K$2:$K$200),""),"") | L23: =IFERROR(IF(LOOKUP(2,1/(GarminSessions!$A$2:$A$200=$A23),GarminSessions!$L$2:$L$200)>0,LOOKUP(2,1/(GarminSessions!$A$2:$A$200=$A23),GarminSessions!$L$2:$L$200),""),"") | M23: =IFERROR(IF(LOOKUP(2,1/(GarminSessions!$A$2:$A$200=$A23),GarminSessions!$M$2:$M$200)>0,LOOKUP(2,1/(GarminSessions!$A$2:$A$200=$A23),GarminSessions!$M$2:$M$200),""),"") | N23: =IFERROR(IF(LOOKUP(2,1/(GarminSessions!$A$2:$A$200=$A23),GarminSessions!$N$2:$N$200)>0,LOOKUP(2,1/(GarminSessions!$A$2:$A$200=$A23),GarminSessions!$N$2:$N$200),""),"") | O23: =IFERROR(LOOKUP(2,1/(GarminSessions!$A$2:$A$200=$A23),GarminSessions!$O$2:$O$200),"") | P23: =IFERROR(LOOKUP(2,1/(GarminSessions!$A$2:$A$200=$A23),GarminSessions!$P$2:$P$200),"") | Q23: =IFERROR(LOOKUP(2,1/(GarminSessions!$A$2:$A$200=$A23),GarminSessions!$Q$2:$Q$200),"") | R23: =IFERROR(LOOKUP(2,1/(GarminSessions!$A$2:$A$200=$A23),GarminSessions!$R$2:$R$200),"") | S23: =IFERROR(LOOKUP(2,1/(GarminSessions!$A$2:$A$200=$A23),GarminSessions!$S$2:$S$200),"") | T23: =IFERROR(IF(LOOKUP(2,1/(GarminSessions!$A$2:$A$200=$A23),GarminSessions!$U$2:$U$200)="","",LOOKUP(2,1/(GarminSessions!$A$2:$A$200=$A23),GarminSessions!$U$2:$U$200)),"")
A24: S8 | B24: =IFERROR(LOOKUP(2,1/(GarminSessions!$A$2:$A$200=$A24),GarminSessions!$D$2:$D$200),"") | C24: =IFERROR(IF(LOOKUP(2,1/(GarminSessions!$A$2:$A$200=$A24),GarminSessions!$T$2:$T$200)="","",LOOKUP(2,1/(GarminSessions!$A$2:$A$200=$A24),GarminSessions!$T$2:$T$200)),"") | D24: =COUNT(E24:N24) -> 0 | E24: =IFERROR(IF(LOOKUP(2,1/(GarminSessions!$A$2:$A$200=$A24),GarminSessions!$E$2:$E$200)>0,LOOKUP(2,1/(GarminSessions!$A$2:$A$200=$A24),GarminSessions!$E$2:$E$200),""),"") | F24: =IFERROR(IF(LOOKUP(2,1/(GarminSessions!$A$2:$A$200=$A24),GarminSessions!$F$2:$F$200)>0,LOOKUP(2,1/(GarminSessions!$A$2:$A$200=$A24),GarminSessions!$F$2:$F$200),""),"") | G24: =IFERROR(IF(LOOKUP(2,1/(GarminSessions!$A$2:$A$200=$A24),GarminSessions!$G$2:$G$200)>0,LOOKUP(2,1/(GarminSessions!$A$2:$A$200=$A24),GarminSessions!$G$2:$G$200),""),"") | H24: =IFERROR(IF(LOOKUP(2,1/(GarminSessions!$A$2:$A$200=$A24),GarminSessions!$H$2:$H$200)>0,LOOKUP(2,1/(GarminSessions!$A$2:$A$200=$A24),GarminSessions!$H$2:$H$200),""),"") | I24: =IFERROR(IF(LOOKUP(2,1/(GarminSessions!$A$2:$A$200=$A24),GarminSessions!$I$2:$I$200)>0,LOOKUP(2,1/(GarminSessions!$A$2:$A$200=$A24),GarminSessions!$I$2:$I$200),""),"") | J24: =IFERROR(IF(LOOKUP(2,1/(GarminSessions!$A$2:$A$200=$A24),GarminSessions!$J$2:$J$200)>0,LOOKUP(2,1/(GarminSessions!$A$2:$A$200=$A24),GarminSessions!$J$2:$J$200),""),"") | K24: =IFERROR(IF(LOOKUP(2,1/(GarminSessions!$A$2:$A$200=$A24),GarminSessions!$K$2:$K$200)>0,LOOKUP(2,1/(GarminSessions!$A$2:$A$200=$A24),GarminSessions!$K$2:$K$200),""),"") | L24: =IFERROR(IF(LOOKUP(2,1/(GarminSessions!$A$2:$A$200=$A24),GarminSessions!$L$2:$L$200)>0,LOOKUP(2,1/(GarminSessions!$A$2:$A$200=$A24),GarminSessions!$L$2:$L$200),""),"") | M24: =IFERROR(IF(LOOKUP(2,1/(GarminSessions!$A$2:$A$200=$A24),GarminSessions!$M$2:$M$200)>0,LOOKUP(2,1/(GarminSessions!$A$2:$A$200=$A24),GarminSessions!$M$2:$M$200),""),"") | N24: =IFERROR(IF(LOOKUP(2,1/(GarminSessions!$A$2:$A$200=$A24),GarminSessions!$N$2:$N$200)>0,LOOKUP(2,1/(GarminSessions!$A$2:$A$200=$A24),GarminSessions!$N$2:$N$200),""),"") | O24: =IFERROR(LOOKUP(2,1/(GarminSessions!$A$2:$A$200=$A24),GarminSessions!$O$2:$O$200),"") | P24: =IFERROR(LOOKUP(2,1/(GarminSessions!$A$2:$A$200=$A24),GarminSessions!$P$2:$P$200),"") | Q24: =IFERROR(LOOKUP(2,1/(GarminSessions!$A$2:$A$200=$A24),GarminSessions!$Q$2:$Q$200),"") | R24: =IFERROR(LOOKUP(2,1/(GarminSessions!$A$2:$A$200=$A24),GarminSessions!$R$2:$R$200),"") | S24: =IFERROR(LOOKUP(2,1/(GarminSessions!$A$2:$A$200=$A24),GarminSessions!$S$2:$S$200),"") | T24: =IFERROR(IF(LOOKUP(2,1/(GarminSessions!$A$2:$A$200=$A24),GarminSessions!$U$2:$U$200)="","",LOOKUP(2,1/(GarminSessions!$A$2:$A$200=$A24),GarminSessions!$U$2:$U$200)),"")
A25: S9 | B25: =IFERROR(LOOKUP(2,1/(GarminSessions!$A$2:$A$200=$A25),GarminSessions!$D$2:$D$200),"") | C25: =IFERROR(IF(LOOKUP(2,1/(GarminSessions!$A$2:$A$200=$A25),GarminSessions!$T$2:$T$200)="","",LOOKUP(2,1/(GarminSessions!$A$2:$A$200=$A25),GarminSessions!$T$2:$T$200)),"") | D25: =COUNT(E25:N25) -> 0 | E25: =IFERROR(IF(LOOKUP(2,1/(GarminSessions!$A$2:$A$200=$A25),GarminSessions!$E$2:$E$200)>0,LOOKUP(2,1/(GarminSessions!$A$2:$A$200=$A25),GarminSessions!$E$2:$E$200),""),"") | F25: =IFERROR(IF(LOOKUP(2,1/(GarminSessions!$A$2:$A$200=$A25),GarminSessions!$F$2:$F$200)>0,LOOKUP(2,1/(GarminSessions!$A$2:$A$200=$A25),GarminSessions!$F$2:$F$200),""),"") | G25: =IFERROR(IF(LOOKUP(2,1/(GarminSessions!$A$2:$A$200=$A25),GarminSessions!$G$2:$G$200)>0,LOOKUP(2,1/(GarminSessions!$A$2:$A$200=$A25),GarminSessions!$G$2:$G$200),""),"") | H25: =IFERROR(IF(LOOKUP(2,1/(GarminSessions!$A$2:$A$200=$A25),GarminSessions!$H$2:$H$200)>0,LOOKUP(2,1/(GarminSessions!$A$2:$A$200=$A25),GarminSessions!$H$2:$H$200),""),"") | I25: =IFERROR(IF(LOOKUP(2,1/(GarminSessions!$A$2:$A$200=$A25),GarminSessions!$I$2:$I$200)>0,LOOKUP(2,1/(GarminSessions!$A$2:$A$200=$A25),GarminSessions!$I$2:$I$200),""),"") | J25: =IFERROR(IF(LOOKUP(2,1/(GarminSessions!$A$2:$A$200=$A25),GarminSessions!$J$2:$J$200)>0,LOOKUP(2,1/(GarminSessions!$A$2:$A$200=$A25),GarminSessions!$J$2:$J$200),""),"") | K25: =IFERROR(IF(LOOKUP(2,1/(GarminSessions!$A$2:$A$200=$A25),GarminSessions!$K$2:$K$200)>0,LOOKUP(2,1/(GarminSessions!$A$2:$A$200=$A25),GarminSessions!$K$2:$K$200),""),"") | L25: =IFERROR(IF(LOOKUP(2,1/(GarminSessions!$A$2:$A$200=$A25),GarminSessions!$L$2:$L$200)>0,LOOKUP(2,1/(GarminSessions!$A$2:$A$200=$A25),GarminSessions!$L$2:$L$200),""),"") | M25: =IFERROR(IF(LOOKUP(2,1/(GarminSessions!$A$2:$A$200=$A25),GarminSessions!$M$2:$M$200)>0,LOOKUP(2,1/(GarminSessions!$A$2:$A$200=$A25),GarminSessions!$M$2:$M$200),""),"") | N25: =IFERROR(IF(LOOKUP(2,1/(GarminSessions!$A$2:$A$200=$A25),GarminSessions!$N$2:$N$200)>0,LOOKUP(2,1/(GarminSessions!$A$2:$A$200=$A25),GarminSessions!$N$2:$N$200),""),"") | O25: =IFERROR(LOOKUP(2,1/(GarminSessions!$A$2:$A$200=$A25),GarminSessions!$O$2:$O$200),"") | P25: =IFERROR(LOOKUP(2,1/(GarminSessions!$A$2:$A$200=$A25),GarminSessions!$P$2:$P$200),"") | Q25: =IFERROR(LOOKUP(2,1/(GarminSessions!$A$2:$A$200=$A25),GarminSessions!$Q$2:$Q$200),"") | R25: =IFERROR(LOOKUP(2,1/(GarminSessions!$A$2:$A$200=$A25),GarminSessions!$R$2:$R$200),"") | S25: =IFERROR(LOOKUP(2,1/(GarminSessions!$A$2:$A$200=$A25),GarminSessions!$S$2:$S$200),"") | T25: =IFERROR(IF(LOOKUP(2,1/(GarminSessions!$A$2:$A$200=$A25),GarminSessions!$U$2:$U$200)="","",LOOKUP(2,1/(GarminSessions!$A$2:$A$200=$A25),GarminSessions!$U$2:$U$200)),"")
A26: S10 | B26: =IFERROR(LOOKUP(2,1/(GarminSessions!$A$2:$A$200=$A26),GarminSessions!$D$2:$D$200),"") | C26: =IFERROR(IF(LOOKUP(2,1/(GarminSessions!$A$2:$A$200=$A26),GarminSessions!$T$2:$T$200)="","",LOOKUP(2,1/(GarminSessions!$A$2:$A$200=$A26),GarminSessions!$T$2:$T$200)),"") | D26: =COUNT(E26:N26) -> 0 | E26: =IFERROR(IF(LOOKUP(2,1/(GarminSessions!$A$2:$A$200=$A26),GarminSessions!$E$2:$E$200)>0,LOOKUP(2,1/(GarminSessions!$A$2:$A$200=$A26),GarminSessions!$E$2:$E$200),""),"") | F26: =IFERROR(IF(LOOKUP(2,1/(GarminSessions!$A$2:$A$200=$A26),GarminSessions!$F$2:$F$200)>0,LOOKUP(2,1/(GarminSessions!$A$2:$A$200=$A26),GarminSessions!$F$2:$F$200),""),"") | G26: =IFERROR(IF(LOOKUP(2,1/(GarminSessions!$A$2:$A$200=$A26),GarminSessions!$G$2:$G$200)>0,LOOKUP(2,1/(GarminSessions!$A$2:$A$200=$A26),GarminSessions!$G$2:$G$200),""),"") | H26: =IFERROR(IF(LOOKUP(2,1/(GarminSessions!$A$2:$A$200=$A26),GarminSessions!$H$2:$H$200)>0,LOOKUP(2,1/(GarminSessions!$A$2:$A$200=$A26),GarminSessions!$H$2:$H$200),""),"") | I26: =IFERROR(IF(LOOKUP(2,1/(GarminSessions!$A$2:$A$200=$A26),GarminSessions!$I$2:$I$200)>0,LOOKUP(2,1/(GarminSessions!$A$2:$A$200=$A26),GarminSessions!$I$2:$I$200),""),"") | J26: =IFERROR(IF(LOOKUP(2,1/(GarminSessions!$A$2:$A$200=$A26),GarminSessions!$J$2:$J$200)>0,LOOKUP(2,1/(GarminSessions!$A$2:$A$200=$A26),GarminSessions!$J$2:$J$200),""),"") | K26: =IFERROR(IF(LOOKUP(2,1/(GarminSessions!$A$2:$A$200=$A26),GarminSessions!$K$2:$K$200)>0,LOOKUP(2,1/(GarminSessions!$A$2:$A$200=$A26),GarminSessions!$K$2:$K$200),""),"") | L26: =IFERROR(IF(LOOKUP(2,1/(GarminSessions!$A$2:$A$200=$A26),GarminSessions!$L$2:$L$200)>0,LOOKUP(2,1/(GarminSessions!$A$2:$A$200=$A26),GarminSessions!$L$2:$L$200),""),"") | M26: =IFERROR(IF(LOOKUP(2,1/(GarminSessions!$A$2:$A$200=$A26),GarminSessions!$M$2:$M$200)>0,LOOKUP(2,1/(GarminSessions!$A$2:$A$200=$A26),GarminSessions!$M$2:$M$200),""),"") | N26: =IFERROR(IF(LOOKUP(2,1/(GarminSessions!$A$2:$A$200=$A26),GarminSessions!$N$2:$N$200)>0,LOOKUP(2,1/(GarminSessions!$A$2:$A$200=$A26),GarminSessions!$N$2:$N$200),""),"") | O26: =IFERROR(LOOKUP(2,1/(GarminSessions!$A$2:$A$200=$A26),GarminSessions!$O$2:$O$200),"") | P26: =IFERROR(LOOKUP(2,1/(GarminSessions!$A$2:$A$200=$A26),GarminSessions!$P$2:$P$200),"") | Q26: =IFERROR(LOOKUP(2,1/(GarminSessions!$A$2:$A$200=$A26),GarminSessions!$Q$2:$Q$200),"") | R26: =IFERROR(LOOKUP(2,1/(GarminSessions!$A$2:$A$200=$A26),GarminSessions!$R$2:$R$200),"") | S26: =IFERROR(LOOKUP(2,1/(GarminSessions!$A$2:$A$200=$A26),GarminSessions!$S$2:$S$200),"") | T26: =IFERROR(IF(LOOKUP(2,1/(GarminSessions!$A$2:$A$200=$A26),GarminSessions!$U$2:$U$200)="","",LOOKUP(2,1/(GarminSessions!$A$2:$A$200=$A26),GarminSessions!$U$2:$U$200)),"")
A28: FREE-FORM SESSION LOG (extra Garmin sessions — confirmation groups, calibration shoots, etc.)
B29: =IFERROR(LOOKUP(2,1/(GarminSessions!$A$2:$A$200=$A29),GarminSessions!$D$2:$D$200),"") -> 0 | C29: =IFERROR(LOOKUP(2,1/(GarminSessions!$A$2:$A$200=$A29),GarminSessions!$Q$2:$Q$200),"") -> 0 | D29: =COUNT(E29:K29) -> 7 | E29: =IFERROR(LOOKUP(2,1/(GarminSessions!$A$2:$A$200=$A29),GarminSessions!$E$2:$E$200),"") -> 0 | F29: =IFERROR(LOOKUP(2,1/(GarminSessions!$A$2:$A$200=$A29),GarminSessions!$F$2:$F$200),"") -> 0 | G29: =IFERROR(LOOKUP(2,1/(GarminSessions!$A$2:$A$200=$A29),GarminSessions!$G$2:$G$200),"") -> 0 | H29: =IFERROR(LOOKUP(2,1/(GarminSessions!$A$2:$A$200=$A29),GarminSessions!$H$2:$H$200),"") -> 0 | I29: =IFERROR(LOOKUP(2,1/(GarminSessions!$A$2:$A$200=$A29),GarminSessions!$I$2:$I$200),"") -> 0 | J29: =IFERROR(LOOKUP(2,1/(GarminSessions!$A$2:$A$200=$A29),GarminSessions!$J$2:$J$200),"") -> 0 | K29: =IFERROR(LOOKUP(2,1/(GarminSessions!$A$2:$A$200=$A29),GarminSessions!$K$2:$K$200),"") -> 0 | L29: =IFERROR(LOOKUP(2,1/(GarminSessions!$A$2:$A$200=$A29),GarminSessions!$L$2:$L$200),"") -> 0 | M29: =IFERROR(LOOKUP(2,1/(GarminSessions!$A$2:$A$200=$A29),GarminSessions!$M$2:$M$200),"") -> 0 | N29: =IFERROR(LOOKUP(2,1/(GarminSessions!$A$2:$A$200=$A29),GarminSessions!$N$2:$N$200),"") -> 0 | O29: =IFERROR(LOOKUP(2,1/(GarminSessions!$A$2:$A$200=$A29),GarminSessions!$O$2:$O$200),"") -> 0 | P29: =IFERROR(LOOKUP(2,1/(GarminSessions!$A$2:$A$200=$A29),GarminSessions!$P$2:$P$200),"") -> 0 | Q29: =IFERROR(LOOKUP(2,1/(GarminSessions!$A$2:$A$200=$A29),GarminSessions!$R$2:$R$200),"") -> 0
B30: =IFERROR(LOOKUP(2,1/(GarminSessions!$A$2:$A$200=$A30),GarminSessions!$D$2:$D$200),"") -> 0 | C30: =IFERROR(LOOKUP(2,1/(GarminSessions!$A$2:$A$200=$A30),GarminSessions!$Q$2:$Q$200),"") -> 0 | D30: =COUNT(E30:K30) -> 7 | E30: =IFERROR(LOOKUP(2,1/(GarminSessions!$A$2:$A$200=$A30),GarminSessions!$E$2:$E$200),"") -> 0 | F30: =IFERROR(LOOKUP(2,1/(GarminSessions!$A$2:$A$200=$A30),GarminSessions!$F$2:$F$200),"") -> 0 | G30: =IFERROR(LOOKUP(2,1/(GarminSessions!$A$2:$A$200=$A30),GarminSessions!$G$2:$G$200),"") -> 0 | H30: =IFERROR(LOOKUP(2,1/(GarminSessions!$A$2:$A$200=$A30),GarminSessions!$H$2:$H$200),"") -> 0 | I30: =IFERROR(LOOKUP(2,1/(GarminSessions!$A$2:$A$200=$A30),GarminSessions!$I$2:$I$200),"") -> 0 | J30: =IFERROR(LOOKUP(2,1/(GarminSessions!$A$2:$A$200=$A30),GarminSessions!$J$2:$J$200),"") -> 0 | K30: =IFERROR(LOOKUP(2,1/(GarminSessions!$A$2:$A$200=$A30),GarminSessions!$K$2:$K$200),"") -> 0 | L30: =IFERROR(LOOKUP(2,1/(GarminSessions!$A$2:$A$200=$A30),GarminSessions!$L$2:$L$200),"") -> 0 | M30: =IFERROR(LOOKUP(2,1/(GarminSessions!$A$2:$A$200=$A30),GarminSessions!$M$2:$M$200),"") -> 0 | N30: =IFERROR(LOOKUP(2,1/(GarminSessions!$A$2:$A$200=$A30),GarminSessions!$N$2:$N$200),"") -> 0 | O30: =IFERROR(LOOKUP(2,1/(GarminSessions!$A$2:$A$200=$A30),GarminSessions!$O$2:$O$200),"") -> 0 | P30: =IFERROR(LOOKUP(2,1/(GarminSessions!$A$2:$A$200=$A30),GarminSessions!$P$2:$P$200),"") -> 0 | Q30: =IFERROR(LOOKUP(2,1/(GarminSessions!$A$2:$A$200=$A30),GarminSessions!$R$2:$R$200),"") -> 0
B31: =IFERROR(LOOKUP(2,1/(GarminSessions!$A$2:$A$200=$A31),GarminSessions!$D$2:$D$200),"") -> 0 | C31: =IFERROR(LOOKUP(2,1/(GarminSessions!$A$2:$A$200=$A31),GarminSessions!$Q$2:$Q$200),"") -> 0 | D31: =COUNT(E31:K31) -> 7 | E31: =IFERROR(LOOKUP(2,1/(GarminSessions!$A$2:$A$200=$A31),GarminSessions!$E$2:$E$200),"") -> 0 | F31: =IFERROR(LOOKUP(2,1/(GarminSessions!$A$2:$A$200=$A31),GarminSessions!$F$2:$F$200),"") -> 0 | G31: =IFERROR(LOOKUP(2,1/(GarminSessions!$A$2:$A$200=$A31),GarminSessions!$G$2:$G$200),"") -> 0 | H31: =IFERROR(LOOKUP(2,1/(GarminSessions!$A$2:$A$200=$A31),GarminSessions!$H$2:$H$200),"") -> 0 | I31: =IFERROR(LOOKUP(2,1/(GarminSessions!$A$2:$A$200=$A31),GarminSessions!$I$2:$I$200),"") -> 0 | J31: =IFERROR(LOOKUP(2,1/(GarminSessions!$A$2:$A$200=$A31),GarminSessions!$J$2:$J$200),"") -> 0 | K31: =IFERROR(LOOKUP(2,1/(GarminSessions!$A$2:$A$200=$A31),GarminSessions!$K$2:$K$200),"") -> 0 | L31: =IFERROR(LOOKUP(2,1/(GarminSessions!$A$2:$A$200=$A31),GarminSessions!$L$2:$L$200),"") -> 0 | M31: =IFERROR(LOOKUP(2,1/(GarminSessions!$A$2:$A$200=$A31),GarminSessions!$M$2:$M$200),"") -> 0 | N31: =IFERROR(LOOKUP(2,1/(GarminSessions!$A$2:$A$200=$A31),GarminSessions!$N$2:$N$200),"") -> 0 | O31: =IFERROR(LOOKUP(2,1/(GarminSessions!$A$2:$A$200=$A31),GarminSessions!$O$2:$O$200),"") -> 0 | P31: =IFERROR(LOOKUP(2,1/(GarminSessions!$A$2:$A$200=$A31),GarminSessions!$P$2:$P$200),"") -> 0 | Q31: =IFERROR(LOOKUP(2,1/(GarminSessions!$A$2:$A$200=$A31),GarminSessions!$R$2:$R$200),"") -> 0
B32: =IFERROR(LOOKUP(2,1/(GarminSessions!$A$2:$A$200=$A32),GarminSessions!$D$2:$D$200),"") -> 0 | C32: =IFERROR(LOOKUP(2,1/(GarminSessions!$A$2:$A$200=$A32),GarminSessions!$Q$2:$Q$200),"") -> 0 | D32: =COUNT(E32:K32) -> 7 | E32: =IFERROR(LOOKUP(2,1/(GarminSessions!$A$2:$A$200=$A32),GarminSessions!$E$2:$E$200),"") -> 0 | F32: =IFERROR(LOOKUP(2,1/(GarminSessions!$A$2:$A$200=$A32),GarminSessions!$F$2:$F$200),"") -> 0 | G32: =IFERROR(LOOKUP(2,1/(GarminSessions!$A$2:$A$200=$A32),GarminSessions!$G$2:$G$200),"") -> 0 | H32: =IFERROR(LOOKUP(2,1/(GarminSessions!$A$2:$A$200=$A32),GarminSessions!$H$2:$H$200),"") -> 0 | I32: =IFERROR(LOOKUP(2,1/(GarminSessions!$A$2:$A$200=$A32),GarminSessions!$I$2:$I$200),"") -> 0 | J32: =IFERROR(LOOKUP(2,1/(GarminSessions!$A$2:$A$200=$A32),GarminSessions!$J$2:$J$200),"") -> 0 | K32: =IFERROR(LOOKUP(2,1/(GarminSessions!$A$2:$A$200=$A32),GarminSessions!$K$2:$K$200),"") -> 0 | L32: =IFERROR(LOOKUP(2,1/(GarminSessions!$A$2:$A$200=$A32),GarminSessions!$L$2:$L$200),"") -> 0 | M32: =IFERROR(LOOKUP(2,1/(GarminSessions!$A$2:$A$200=$A32),GarminSessions!$M$2:$M$200),"") -> 0 | N32: =IFERROR(LOOKUP(2,1/(GarminSessions!$A$2:$A$200=$A32),GarminSessions!$N$2:$N$200),"") -> 0 | O32: =IFERROR(LOOKUP(2,1/(GarminSessions!$A$2:$A$200=$A32),GarminSessions!$O$2:$O$200),"") -> 0 | P32: =IFERROR(LOOKUP(2,1/(GarminSessions!$A$2:$A$200=$A32),GarminSessions!$P$2:$P$200),"") -> 0 | Q32: =IFERROR(LOOKUP(2,1/(GarminSessions!$A$2:$A$200=$A32),GarminSessions!$R$2:$R$200),"") -> 0
B33: =IFERROR(LOOKUP(2,1/(GarminSessions!$A$2:$A$200=$A33),GarminSessions!$D$2:$D$200),"") -> 0 | C33: =IFERROR(LOOKUP(2,1/(GarminSessions!$A$2:$A$200=$A33),GarminSessions!$Q$2:$Q$200),"") -> 0 | D33: =COUNT(E33:K33) -> 7 | E33: =IFERROR(LOOKUP(2,1/(GarminSessions!$A$2:$A$200=$A33),GarminSessions!$E$2:$E$200),"") -> 0 | F33: =IFERROR(LOOKUP(2,1/(GarminSessions!$A$2:$A$200=$A33),GarminSessions!$F$2:$F$200),"") -> 0 | G33: =IFERROR(LOOKUP(2,1/(GarminSessions!$A$2:$A$200=$A33),GarminSessions!$G$2:$G$200),"") -> 0 | H33: =IFERROR(LOOKUP(2,1/(GarminSessions!$A$2:$A$200=$A33),GarminSessions!$H$2:$H$200),"") -> 0 | I33: =IFERROR(LOOKUP(2,1/(GarminSessions!$A$2:$A$200=$A33),GarminSessions!$I$2:$I$200),"") -> 0 | J33: =IFERROR(LOOKUP(2,1/(GarminSessions!$A$2:$A$200=$A33),GarminSessions!$J$2:$J$200),"") -> 0 | K33: =IFERROR(LOOKUP(2,1/(GarminSessions!$A$2:$A$200=$A33),GarminSessions!$K$2:$K$200),"") -> 0 | L33: =IFERROR(LOOKUP(2,1/(GarminSessions!$A$2:$A$200=$A33),GarminSessions!$L$2:$L$200),"") -> 0 | M33: =IFERROR(LOOKUP(2,1/(GarminSessions!$A$2:$A$200=$A33),GarminSessions!$M$2:$M$200),"") -> 0 | N33: =IFERROR(LOOKUP(2,1/(GarminSessions!$A$2:$A$200=$A33),GarminSessions!$N$2:$N$200),"") -> 0 | O33: =IFERROR(LOOKUP(2,1/(GarminSessions!$A$2:$A$200=$A33),GarminSessions!$O$2:$O$200),"") -> 0 | P33: =IFERROR(LOOKUP(2,1/(GarminSessions!$A$2:$A$200=$A33),GarminSessions!$P$2:$P$200),"") -> 0 | Q33: =IFERROR(LOOKUP(2,1/(GarminSessions!$A$2:$A$200=$A33),GarminSessions!$R$2:$R$200),"") -> 0
B34: =IFERROR(LOOKUP(2,1/(GarminSessions!$A$2:$A$200=$A34),GarminSessions!$D$2:$D$200),"") -> 0 | C34: =IFERROR(LOOKUP(2,1/(GarminSessions!$A$2:$A$200=$A34),GarminSessions!$Q$2:$Q$200),"") -> 0 | D34: =COUNT(E34:K34) -> 7 | E34: =IFERROR(LOOKUP(2,1/(GarminSessions!$A$2:$A$200=$A34),GarminSessions!$E$2:$E$200),"") -> 0 | F34: =IFERROR(LOOKUP(2,1/(GarminSessions!$A$2:$A$200=$A34),GarminSessions!$F$2:$F$200),"") -> 0 | G34: =IFERROR(LOOKUP(2,1/(GarminSessions!$A$2:$A$200=$A34),GarminSessions!$G$2:$G$200),"") -> 0 | H34: =IFERROR(LOOKUP(2,1/(GarminSessions!$A$2:$A$200=$A34),GarminSessions!$H$2:$H$200),"") -> 0 | I34: =IFERROR(LOOKUP(2,1/(GarminSessions!$A$2:$A$200=$A34),GarminSessions!$I$2:$I$200),"") -> 0 | J34: =IFERROR(LOOKUP(2,1/(GarminSessions!$A$2:$A$200=$A34),GarminSessions!$J$2:$J$200),"") -> 0 | K34: =IFERROR(LOOKUP(2,1/(GarminSessions!$A$2:$A$200=$A34),GarminSessions!$K$2:$K$200),"") -> 0 | L34: =IFERROR(LOOKUP(2,1/(GarminSessions!$A$2:$A$200=$A34),GarminSessions!$L$2:$L$200),"") -> 0 | M34: =IFERROR(LOOKUP(2,1/(GarminSessions!$A$2:$A$200=$A34),GarminSessions!$M$2:$M$200),"") -> 0 | N34: =IFERROR(LOOKUP(2,1/(GarminSessions!$A$2:$A$200=$A34),GarminSessions!$N$2:$N$200),"") -> 0 | O34: =IFERROR(LOOKUP(2,1/(GarminSessions!$A$2:$A$200=$A34),GarminSessions!$O$2:$O$200),"") -> 0 | P34: =IFERROR(LOOKUP(2,1/(GarminSessions!$A$2:$A$200=$A34),GarminSessions!$P$2:$P$200),"") -> 0 | Q34: =IFERROR(LOOKUP(2,1/(GarminSessions!$A$2:$A$200=$A34),GarminSessions!$R$2:$R$200),"") -> 0
B35: =IFERROR(LOOKUP(2,1/(GarminSessions!$A$2:$A$200=$A35),GarminSessions!$D$2:$D$200),"") -> 0 | C35: =IFERROR(LOOKUP(2,1/(GarminSessions!$A$2:$A$200=$A35),GarminSessions!$Q$2:$Q$200),"") -> 0 | D35: =COUNT(E35:K35) -> 7 | E35: =IFERROR(LOOKUP(2,1/(GarminSessions!$A$2:$A$200=$A35),GarminSessions!$E$2:$E$200),"") -> 0 | F35: =IFERROR(LOOKUP(2,1/(GarminSessions!$A$2:$A$200=$A35),GarminSessions!$F$2:$F$200),"") -> 0 | G35: =IFERROR(LOOKUP(2,1/(GarminSessions!$A$2:$A$200=$A35),GarminSessions!$G$2:$G$200),"") -> 0 | H35: =IFERROR(LOOKUP(2,1/(GarminSessions!$A$2:$A$200=$A35),GarminSessions!$H$2:$H$200),"") -> 0 | I35: =IFERROR(LOOKUP(2,1/(GarminSessions!$A$2:$A$200=$A35),GarminSessions!$I$2:$I$200),"") -> 0 | J35: =IFERROR(LOOKUP(2,1/(GarminSessions!$A$2:$A$200=$A35),GarminSessions!$J$2:$J$200),"") -> 0 | K35: =IFERROR(LOOKUP(2,1/(GarminSessions!$A$2:$A$200=$A35),GarminSessions!$K$2:$K$200),"") -> 0 | L35: =IFERROR(LOOKUP(2,1/(GarminSessions!$A$2:$A$200=$A35),GarminSessions!$L$2:$L$200),"") -> 0 | M35: =IFERROR(LOOKUP(2,1/(GarminSessions!$A$2:$A$200=$A35),GarminSessions!$M$2:$M$200),"") -> 0 | N35: =IFERROR(LOOKUP(2,1/(GarminSessions!$A$2:$A$200=$A35),GarminSessions!$N$2:$N$200),"") -> 0 | O35: =IFERROR(LOOKUP(2,1/(GarminSessions!$A$2:$A$200=$A35),GarminSessions!$O$2:$O$200),"") -> 0 | P35: =IFERROR(LOOKUP(2,1/(GarminSessions!$A$2:$A$200=$A35),GarminSessions!$P$2:$P$200),"") -> 0 | Q35: =IFERROR(LOOKUP(2,1/(GarminSessions!$A$2:$A$200=$A35),GarminSessions!$R$2:$R$200),"") -> 0
B36: =IFERROR(LOOKUP(2,1/(GarminSessions!$A$2:$A$200=$A36),GarminSessions!$D$2:$D$200),"") -> 0 | C36: =IFERROR(LOOKUP(2,1/(GarminSessions!$A$2:$A$200=$A36),GarminSessions!$Q$2:$Q$200),"") -> 0 | D36: =COUNT(E36:K36) -> 7 | E36: =IFERROR(LOOKUP(2,1/(GarminSessions!$A$2:$A$200=$A36),GarminSessions!$E$2:$E$200),"") -> 0 | F36: =IFERROR(LOOKUP(2,1/(GarminSessions!$A$2:$A$200=$A36),GarminSessions!$F$2:$F$200),"") -> 0 | G36: =IFERROR(LOOKUP(2,1/(GarminSessions!$A$2:$A$200=$A36),GarminSessions!$G$2:$G$200),"") -> 0 | H36: =IFERROR(LOOKUP(2,1/(GarminSessions!$A$2:$A$200=$A36),GarminSessions!$H$2:$H$200),"") -> 0 | I36: =IFERROR(LOOKUP(2,1/(GarminSessions!$A$2:$A$200=$A36),GarminSessions!$I$2:$I$200),"") -> 0 | J36: =IFERROR(LOOKUP(2,1/(GarminSessions!$A$2:$A$200=$A36),GarminSessions!$J$2:$J$200),"") -> 0 | K36: =IFERROR(LOOKUP(2,1/(GarminSessions!$A$2:$A$200=$A36),GarminSessions!$K$2:$K$200),"") -> 0 | L36: =IFERROR(LOOKUP(2,1/(GarminSessions!$A$2:$A$200=$A36),GarminSessions!$L$2:$L$200),"") -> 0 | M36: =IFERROR(LOOKUP(2,1/(GarminSessions!$A$2:$A$200=$A36),GarminSessions!$M$2:$M$200),"") -> 0 | N36: =IFERROR(LOOKUP(2,1/(GarminSessions!$A$2:$A$200=$A36),GarminSessions!$N$2:$N$200),"") -> 0 | O36: =IFERROR(LOOKUP(2,1/(GarminSessions!$A$2:$A$200=$A36),GarminSessions!$O$2:$O$200),"") -> 0 | P36: =IFERROR(LOOKUP(2,1/(GarminSessions!$A$2:$A$200=$A36),GarminSessions!$P$2:$P$200),"") -> 0 | Q36: =IFERROR(LOOKUP(2,1/(GarminSessions!$A$2:$A$200=$A36),GarminSessions!$R$2:$R$200),"") -> 0
B37: =IFERROR(LOOKUP(2,1/(GarminSessions!$A$2:$A$200=$A37),GarminSessions!$D$2:$D$200),"") -> 0 | C37: =IFERROR(LOOKUP(2,1/(GarminSessions!$A$2:$A$200=$A37),GarminSessions!$Q$2:$Q$200),"") -> 0 | D37: =COUNT(E37:K37) -> 7 | E37: =IFERROR(LOOKUP(2,1/(GarminSessions!$A$2:$A$200=$A37),GarminSessions!$E$2:$E$200),"") -> 0 | F37: =IFERROR(LOOKUP(2,1/(GarminSessions!$A$2:$A$200=$A37),GarminSessions!$F$2:$F$200),"") -> 0 | G37: =IFERROR(LOOKUP(2,1/(GarminSessions!$A$2:$A$200=$A37),GarminSessions!$G$2:$G$200),"") -> 0 | H37: =IFERROR(LOOKUP(2,1/(GarminSessions!$A$2:$A$200=$A37),GarminSessions!$H$2:$H$200),"") -> 0 | I37: =IFERROR(LOOKUP(2,1/(GarminSessions!$A$2:$A$200=$A37),GarminSessions!$I$2:$I$200),"") -> 0 | J37: =IFERROR(LOOKUP(2,1/(GarminSessions!$A$2:$A$200=$A37),GarminSessions!$J$2:$J$200),"") -> 0 | K37: =IFERROR(LOOKUP(2,1/(GarminSessions!$A$2:$A$200=$A37),GarminSessions!$K$2:$K$200),"") -> 0 | L37: =IFERROR(LOOKUP(2,1/(GarminSessions!$A$2:$A$200=$A37),GarminSessions!$L$2:$L$200),"") -> 0 | M37: =IFERROR(LOOKUP(2,1/(GarminSessions!$A$2:$A$200=$A37),GarminSessions!$M$2:$M$200),"") -> 0 | N37: =IFERROR(LOOKUP(2,1/(GarminSessions!$A$2:$A$200=$A37),GarminSessions!$N$2:$N$200),"") -> 0 | O37: =IFERROR(LOOKUP(2,1/(GarminSessions!$A$2:$A$200=$A37),GarminSessions!$O$2:$O$200),"") -> 0 | P37: =IFERROR(LOOKUP(2,1/(GarminSessions!$A$2:$A$200=$A37),GarminSessions!$P$2:$P$200),"") -> 0 | Q37: =IFERROR(LOOKUP(2,1/(GarminSessions!$A$2:$A$200=$A37),GarminSessions!$R$2:$R$200),"") -> 0
B38: =IFERROR(LOOKUP(2,1/(GarminSessions!$A$2:$A$200=$A38),GarminSessions!$D$2:$D$200),"") -> 0 | C38: =IFERROR(LOOKUP(2,1/(GarminSessions!$A$2:$A$200=$A38),GarminSessions!$Q$2:$Q$200),"") -> 0 | D38: =COUNT(E38:K38) -> 7 | E38: =IFERROR(LOOKUP(2,1/(GarminSessions!$A$2:$A$200=$A38),GarminSessions!$E$2:$E$200),"") -> 0 | F38: =IFERROR(LOOKUP(2,1/(GarminSessions!$A$2:$A$200=$A38),GarminSessions!$F$2:$F$200),"") -> 0 | G38: =IFERROR(LOOKUP(2,1/(GarminSessions!$A$2:$A$200=$A38),GarminSessions!$G$2:$G$200),"") -> 0 | H38: =IFERROR(LOOKUP(2,1/(GarminSessions!$A$2:$A$200=$A38),GarminSessions!$H$2:$H$200),"") -> 0 | I38: =IFERROR(LOOKUP(2,1/(GarminSessions!$A$2:$A$200=$A38),GarminSessions!$I$2:$I$200),"") -> 0 | J38: =IFERROR(LOOKUP(2,1/(GarminSessions!$A$2:$A$200=$A38),GarminSessions!$J$2:$J$200),"") -> 0 | K38: =IFERROR(LOOKUP(2,1/(GarminSessions!$A$2:$A$200=$A38),GarminSessions!$K$2:$K$200),"") -> 0 | L38: =IFERROR(LOOKUP(2,1/(GarminSessions!$A$2:$A$200=$A38),GarminSessions!$L$2:$L$200),"") -> 0 | M38: =IFERROR(LOOKUP(2,1/(GarminSessions!$A$2:$A$200=$A38),GarminSessions!$M$2:$M$200),"") -> 0 | N38: =IFERROR(LOOKUP(2,1/(GarminSessions!$A$2:$A$200=$A38),GarminSessions!$N$2:$N$200),"") -> 0 | O38: =IFERROR(LOOKUP(2,1/(GarminSessions!$A$2:$A$200=$A38),GarminSessions!$O$2:$O$200),"") -> 0 | P38: =IFERROR(LOOKUP(2,1/(GarminSessions!$A$2:$A$200=$A38),GarminSessions!$P$2:$P$200),"") -> 0 | Q38: =IFERROR(LOOKUP(2,1/(GarminSessions!$A$2:$A$200=$A38),GarminSessions!$R$2:$R$200),"") -> 0
B39: =IFERROR(LOOKUP(2,1/(GarminSessions!$A$2:$A$200=$A39),GarminSessions!$D$2:$D$200),"") -> 0 | C39: =IFERROR(LOOKUP(2,1/(GarminSessions!$A$2:$A$200=$A39),GarminSessions!$Q$2:$Q$200),"") -> 0 | D39: =COUNT(E39:K39) -> 7 | E39: =IFERROR(LOOKUP(2,1/(GarminSessions!$A$2:$A$200=$A39),GarminSessions!$E$2:$E$200),"") -> 0 | F39: =IFERROR(LOOKUP(2,1/(GarminSessions!$A$2:$A$200=$A39),GarminSessions!$F$2:$F$200),"") -> 0 | G39: =IFERROR(LOOKUP(2,1/(GarminSessions!$A$2:$A$200=$A39),GarminSessions!$G$2:$G$200),"") -> 0 | H39: =IFERROR(LOOKUP(2,1/(GarminSessions!$A$2:$A$200=$A39),GarminSessions!$H$2:$H$200),"") -> 0 | I39: =IFERROR(LOOKUP(2,1/(GarminSessions!$A$2:$A$200=$A39),GarminSessions!$I$2:$I$200),"") -> 0 | J39: =IFERROR(LOOKUP(2,1/(GarminSessions!$A$2:$A$200=$A39),GarminSessions!$J$2:$J$200),"") -> 0 | K39: =IFERROR(LOOKUP(2,1/(GarminSessions!$A$2:$A$200=$A39),GarminSessions!$K$2:$K$200),"") -> 0 | L39: =IFERROR(LOOKUP(2,1/(GarminSessions!$A$2:$A$200=$A39),GarminSessions!$L$2:$L$200),"") -> 0 | M39: =IFERROR(LOOKUP(2,1/(GarminSessions!$A$2:$A$200=$A39),GarminSessions!$M$2:$M$200),"") -> 0 | N39: =IFERROR(LOOKUP(2,1/(GarminSessions!$A$2:$A$200=$A39),GarminSessions!$N$2:$N$200),"") -> 0 | O39: =IFERROR(LOOKUP(2,1/(GarminSessions!$A$2:$A$200=$A39),GarminSessions!$O$2:$O$200),"") -> 0 | P39: =IFERROR(LOOKUP(2,1/(GarminSessions!$A$2:$A$200=$A39),GarminSessions!$P$2:$P$200),"") -> 0 | Q39: =IFERROR(LOOKUP(2,1/(GarminSessions!$A$2:$A$200=$A39),GarminSessions!$R$2:$R$200),"") -> 0
B40: =IFERROR(LOOKUP(2,1/(GarminSessions!$A$2:$A$200=$A40),GarminSessions!$D$2:$D$200),"") -> 0 | C40: =IFERROR(LOOKUP(2,1/(GarminSessions!$A$2:$A$200=$A40),GarminSessions!$Q$2:$Q$200),"") -> 0 | D40: =COUNT(E40:K40) -> 7 | E40: =IFERROR(LOOKUP(2,1/(GarminSessions!$A$2:$A$200=$A40),GarminSessions!$E$2:$E$200),"") -> 0 | F40: =IFERROR(LOOKUP(2,1/(GarminSessions!$A$2:$A$200=$A40),GarminSessions!$F$2:$F$200),"") -> 0 | G40: =IFERROR(LOOKUP(2,1/(GarminSessions!$A$2:$A$200=$A40),GarminSessions!$G$2:$G$200),"") -> 0 | H40: =IFERROR(LOOKUP(2,1/(GarminSessions!$A$2:$A$200=$A40),GarminSessions!$H$2:$H$200),"") -> 0 | I40: =IFERROR(LOOKUP(2,1/(GarminSessions!$A$2:$A$200=$A40),GarminSessions!$I$2:$I$200),"") -> 0 | J40: =IFERROR(LOOKUP(2,1/(GarminSessions!$A$2:$A$200=$A40),GarminSessions!$J$2:$J$200),"") -> 0 | K40: =IFERROR(LOOKUP(2,1/(GarminSessions!$A$2:$A$200=$A40),GarminSessions!$K$2:$K$200),"") -> 0 | L40: =IFERROR(LOOKUP(2,1/(GarminSessions!$A$2:$A$200=$A40),GarminSessions!$L$2:$L$200),"") -> 0 | M40: =IFERROR(LOOKUP(2,1/(GarminSessions!$A$2:$A$200=$A40),GarminSessions!$M$2:$M$200),"") -> 0 | N40: =IFERROR(LOOKUP(2,1/(GarminSessions!$A$2:$A$200=$A40),GarminSessions!$N$2:$N$200),"") -> 0 | O40: =IFERROR(LOOKUP(2,1/(GarminSessions!$A$2:$A$200=$A40),GarminSessions!$O$2:$O$200),"") -> 0 | P40: =IFERROR(LOOKUP(2,1/(GarminSessions!$A$2:$A$200=$A40),GarminSessions!$P$2:$P$200),"") -> 0 | Q40: =IFERROR(LOOKUP(2,1/(GarminSessions!$A$2:$A$200=$A40),GarminSessions!$R$2:$R$200),"") -> 0
... B43: =IFERROR(LOOKUP(2,1/(GarminSessions!$A$2:$A$200=$A43),GarminSessions!$D$2:$D$200),"") -> 0 | C43: =IFERROR(LOOKUP(2,1/(GarminSessions!$A$2:$A$200=$A43),GarminSessions!$Q$2:$Q$200),"") -> 0 | D43: =COUNT(E43:K43) -> 7 | E43: =IFERROR(LOOKUP(2,1/(GarminSessions!$A$2:$A$200=$A43),GarminSessions!$E$2:$E$200),"") -> 0 | F43: =IFERROR(LOOKUP(2,1/(GarminSessions!$A$2:$A$200=$A43),GarminSessions!$F$2:$F$200),"") -> 0 | G43: =IFERROR(LOOKUP(2,1/(GarminSessions!$A$2:$A$200=$A43),GarminSessions!$G$2:$G$200),"") -> 0 | H43: =IFERROR(LOOKUP(2,1/(GarminSessions!$A$2:$A$200=$A43),GarminSessions!$H$2:$H$200),"") -> 0 | I43: =IFERROR(LOOKUP(2,1/(GarminSessions!$A$2:$A$200=$A43),GarminSessions!$I$2:$I$200),"") -> 0 | J43: =IFERROR(LOOKUP(2,1/(GarminSessions!$A$2:$A$200=$A43),GarminSessions!$J$2:$J$200),"") -> 0 | K43: =IFERROR(LOOKUP(2,1/(GarminSessions!$A$2:$A$200=$A43),GarminSessions!$K$2:$K$200),"") -> 0 | L43: =IFERROR(LOOKUP(2,1/(GarminSessions!$A$2:$A$200=$A43),GarminSessions!$L$2:$L$200),"") -> 0 | M43: =IFERROR(LOOKUP(2,1/(GarminSessions!$A$2:$A$200=$A43),GarminSessions!$M$2:$M$200),"") -> 0 | N43: =IFERROR(LOOKUP(2,1/(GarminSessions!$A$2:$A$200=$A43),GarminSessions!$N$2:$N$200),"") -> 0 | O43: =IFERROR(LOOKUP(2,1/(GarminSessions!$A$2:$A$200=$A43),GarminSessions!$O$2:$O$200),"") -> 0 | P43: =IFERROR(LOOKUP(2,1/(GarminSessions!$A$2:$A$200=$A43),GarminSessions!$P$2:$P$200),"") -> 0 | Q43: =IFERROR(LOOKUP(2,1/(GarminSessions!$A$2:$A$200=$A43),GarminSessions!$R$2:$R$200),"") -> 0
A45: HOW THE WIRING WORKS
A46: Load Log shot cells already pull from this sheet. The formula in Load Log!C16 (Load 1, Shot 1) is: =IF('Garmin Xero Import'!E6="","",'Garmin Xero Import'!E6) Row positions are fixed: • Load Log Loads 1–10 → this sheet's rows 6–15 • Seating Depth Tests 1–10 → this sheet's rows 17–26 Shots always pulled from columns E–I (Shot 1–5). Per-session workflow: 1. After a range session, share the Garmin CSV from ShotView. 2. Open it in any spreadsheet/text app. 3. Copy the per-shot SPEED (FPS) values. 4. Paste into the matching row's Shot 1–5 cells (E–I) here. 5. Avg / SD / ES recompute; Load Log + Seating Depth update automatically. Short strings (3- or 4-shot): Avg/SD/ES on this row still compute, and the Load Log row's Avg/SD/ES will too — Excel's AVERAGE/STDEV ignore empty cells. Just be aware that 3-shot SDs are very noisy.

Sheet BallisticX Import
A1: BallisticX Import — group-quality data from BallisticX iOS app
A2: This sheet pulls group-quality data from BallisticX CSV exports. After Power Query setup, paste the values into Group (in), Mean Radius (in), and Vertical (in) columns of the Load Log / Seating Depth tabs — or tell Claude "do phase 2" to wire them via lookup formulas.
A3: POWDER LADDER (Load Log P1–P10 → rows 6–15)
A5: Tag | B5: Date | C5: Distance (yd) | D5: Group (in) | E5: Width (in) | F5: Height (in) | G5: MR (in) | H5: CEP (in) | I5: SD Radial (in) | J5: SD Vert (in) | K5: SD Horiz (in) | L5: Caliber | M5: Notes
A6: P1 | B6: =IFERROR(LOOKUP(2,1/(BallisticXGroups!$A$2:$A$200=$A6),BallisticXGroups!$D$2:$D$200),"") -> 2026-04-12 | C6: =IFERROR(LOOKUP(2,1/(BallisticXGroups!$A$2:$A$200=$A6),BallisticXGroups!$E$2:$E$200),"") -> 100 | D6: =IFERROR(LOOKUP(2,1/(BallisticXGroups!$A$2:$A$200=$A6),BallisticXGroups!$G$2:$G$200),"") -> 0.62 | E6: =IFERROR(LOOKUP(2,1/(BallisticXGroups!$A$2:$A$200=$A6),BallisticXGroups!$H$2:$H$200),"") -> 0.58 | F6: =IFERROR(LOOKUP(2,1/(BallisticXGroups!$A$2:$A$200=$A6),BallisticXGroups!$I$2:$I$200),"") -> 0.55 | G6: =IFERROR(LOOKUP(2,1/(BallisticXGroups!$A$2:$A$200=$A6),BallisticXGroups!$J$2:$J$200),"") -> 0.31 | H6: =IFERROR(LOOKUP(2,1/(BallisticXGroups!$A$2:$A$200=$A6),BallisticXGroups!$K$2:$K$200),"") -> 0.28 | I6: =IFERROR(LOOKUP(2,1/(BallisticXGroups!$A$2:$A$200=$A6),BallisticXGroups!$L$2:$L$200),"") -> 0.18 | J6: =IFERROR(LOOKUP(2,1/(BallisticXGroups!$A$2:$A$200=$A6),BallisticXGroups!$M$2:$M$200),"") -> 0.2 | K6: =IFERROR(LOOKUP(2,1/(BallisticXGroups!$A$2:$A$200=$A6),BallisticXGroups!$N$2:$N$200),"") -> 0.22 | L6: =IFERROR(LOOKUP(2,1/(BallisticXGroups!$A$2:$A$200=$A6),BallisticXGroups!$F$2:$F$200),"") -> 6.5mm
A7: P2 | B7: =IFERROR(LOOKUP(2,1/(BallisticXGroups!$A$2:$A$200=$A7),BallisticXGroups!$D$2:$D$200),"") -> 2026-04-12 | C7: =IFERROR(LOOKUP(2,1/(BallisticXGroups!$A$2:$A$200=$A7),BallisticXGroups!$E$2:$E$200),"") -> 100 | D7: =IFERROR(LOOKUP(2,1/(BallisticXGroups!$A$2:$A$200=$A7),BallisticXGroups!$G$2:$G$200),"") -> 0.81 | E7: =IFERROR(LOOKUP(2,1/(BallisticXGroups!$A$2:$A$200=$A7),BallisticXGroups!$H$2:$H$200),"") -> 0.76 | F7: =IFERROR(LOOKUP(2,1/(BallisticXGroups!$A$2:$A$200=$A7),BallisticXGroups!$I$2:$I$200),"") -> 0.72 | G7: =IFERROR(LOOKUP(2,1/(BallisticXGroups!$A$2:$A$200=$A7),BallisticXGroups!$J$2:$J$200),"") -> 0.42 | H7: =IFERROR(LOOKUP(2,1/(BallisticXGroups!$A$2:$A$200=$A7),BallisticXGroups!$K$2:$K$200),"") -> 0.38 | I7: =IFERROR(LOOKUP(2,1/(BallisticXGroups!$A$2:$A$200=$A7),BallisticXGroups!$L$2:$L$200),"") -> 0.24 | J7: =IFERROR(LOOKUP(2,1/(BallisticXGroups!$A$2:$A$200=$A7),BallisticXGroups!$M$2:$M$200),"") -> 0.26 | K7: =IFERROR(LOOKUP(2,1/(BallisticXGroups!$A$2:$A$200=$A7),BallisticXGroups!$N$2:$N$200),"") -> 0.28 | L7: =IFERROR(LOOKUP(2,1/(BallisticXGroups!$A$2:$A$200=$A7),BallisticXGroups!$F$2:$F$200),"") -> 6.5mm
A8: P3 | B8: =IFERROR(LOOKUP(2,1/(BallisticXGroups!$A$2:$A$200=$A8),BallisticXGroups!$D$2:$D$200),"") -> 2026-04-12 | C8: =IFERROR(LOOKUP(2,1/(BallisticXGroups!$A$2:$A$200=$A8),BallisticXGroups!$E$2:$E$200),"") -> 100 | D8: =IFERROR(LOOKUP(2,1/(BallisticXGroups!$A$2:$A$200=$A8),BallisticXGroups!$G$2:$G$200),"") -> 0.45 | E8: =IFERROR(LOOKUP(2,1/(BallisticXGroups!$A$2:$A$200=$A8),BallisticXGroups!$H$2:$H$200),"") -> 0.42 | F8: =IFERROR(LOOKUP(2,1/(BallisticXGroups!$A$2:$A$200=$A8),BallisticXGroups!$I$2:$I$200),"") -> 0.4 | G8: =IFERROR(LOOKUP(2,1/(BallisticXGroups!$A$2:$A$200=$A8),BallisticXGroups!$J$2:$J$200),"") -> 0.22 | H8: =IFERROR(LOOKUP(2,1/(BallisticXGroups!$A$2:$A$200=$A8),BallisticXGroups!$K$2:$K$200),"") -> 0.2 | I8: =IFERROR(LOOKUP(2,1/(BallisticXGroups!$A$2:$A$200=$A8),BallisticXGroups!$L$2:$L$200),"") -> 0.13 | J8: =IFERROR(LOOKUP(2,1/(BallisticXGroups!$A$2:$A$200=$A8),BallisticXGroups!$M$2:$M$200),"") -> 0.14 | K8: =IFERROR(LOOKUP(2,1/(BallisticXGroups!$A$2:$A$200=$A8),BallisticXGroups!$N$2:$N$200),"") -> 0.15 | L8: =IFERROR(LOOKUP(2,1/(BallisticXGroups!$A$2:$A$200=$A8),BallisticXGroups!$F$2:$F$200),"") -> 6.5mm
A9: P4 | B9: =IFERROR(LOOKUP(2,1/(BallisticXGroups!$A$2:$A$200=$A9),BallisticXGroups!$D$2:$D$200),"") -> 2026-04-12 | C9: =IFERROR(LOOKUP(2,1/(BallisticXGroups!$A$2:$A$200=$A9),BallisticXGroups!$E$2:$E$200),"") -> 100 | D9: =IFERROR(LOOKUP(2,1/(BallisticXGroups!$A$2:$A$200=$A9),BallisticXGroups!$G$2:$G$200),"") -> 0.38 | E9: =IFERROR(LOOKUP(2,1/(BallisticXGroups!$A$2:$A$200=$A9),BallisticXGroups!$H$2:$H$200),"") -> 0.34 | F9: =IFERROR(LOOKUP(2,1/(BallisticXGroups!$A$2:$A$200=$A9),BallisticXGroups!$I$2:$I$200),"") -> 0.32 | G9: =IFERROR(LOOKUP(2,1/(BallisticXGroups!$A$2:$A$200=$A9),BallisticXGroups!$J$2:$J$200),"") -> 0.18 | H9: =IFERROR(LOOKUP(2,1/(BallisticXGroups!$A$2:$A$200=$A9),BallisticXGroups!$K$2:$K$200),"") -> 0.16 | I9: =IFERROR(LOOKUP(2,1/(BallisticXGroups!$A$2:$A$200=$A9),BallisticXGroups!$L$2:$L$200),"") -> 0.11 | J9: =IFERROR(LOOKUP(2,1/(BallisticXGroups!$A$2:$A$200=$A9),BallisticXGroups!$M$2:$M$200),"") -> 0.12 | K9: =IFERROR(LOOKUP(2,1/(BallisticXGroups!$A$2:$A$200=$A9),BallisticXGroups!$N$2:$N$200),"") -> 0.13 | L9: =IFERROR(LOOKUP(2,1/(BallisticXGroups!$A$2:$A$200=$A9),BallisticXGroups!$F$2:$F$200),"") -> 6.5mm
A10: P5 | B10: =IFERROR(LOOKUP(2,1/(BallisticXGroups!$A$2:$A$200=$A10),BallisticXGroups!$D$2:$D$200),"") -> 2026-04-12 | C10: =IFERROR(LOOKUP(2,1/(BallisticXGroups!$A$2:$A$200=$A10),BallisticXGroups!$E$2:$E$200),"") -> 100 | D10: =IFERROR(LOOKUP(2,1/(BallisticXGroups!$A$2:$A$200=$A10),BallisticXGroups!$G$2:$G$200),"") -> 0.58 | E10: =IFERROR(LOOKUP(2,1/(BallisticXGroups!$A$2:$A$200=$A10),BallisticXGroups!$H$2:$H$200),"") -> 0.55 | F10: =IFERROR(LOOKUP(2,1/(BallisticXGroups!$A$2:$A$200=$A10),BallisticXGroups!$I$2:$I$200),"") -> 0.52 | G10: =IFERROR(LOOKUP(2,1/(BallisticXGroups!$A$2:$A$200=$A10),BallisticXGroups!$J$2:$J$200),"") -> 0.29 | H10: =IFERROR(LOOKUP(2,1/(BallisticXGroups!$A$2:$A$200=$A10),BallisticXGroups!$K$2:$K$200),"") -> 0.26 | I10: =IFERROR(LOOKUP(2,1/(BallisticXGroups!$A$2:$A$200=$A10),BallisticXGroups!$L$2:$L$200),"") -> 0.17 | J10: =IFERROR(LOOKUP(2,1/(BallisticXGroups!$A$2:$A$200=$A10),BallisticXGroups!$M$2:$M$200),"") -> 0.18 | K10: =IFERROR(LOOKUP(2,1/(BallisticXGroups!$A$2:$A$200=$A10),BallisticXGroups!$N$2:$N$200),"") -> 0.19 | L10: =IFERROR(LOOKUP(2,1/(BallisticXGroups!$A$2:$A$200=$A10),BallisticXGroups!$F$2:$F$200),"") -> 6.5mm
A11: P6 | B11: =IFERROR(LOOKUP(2,1/(BallisticXGroups!$A$2:$A$200=$A11),BallisticXGroups!$D$2:$D$200),"") | C11: =IFERROR(LOOKUP(2,1/(BallisticXGroups!$A$2:$A$200=$A11),BallisticXGroups!$E$2:$E$200),"") | D11: =IFERROR(LOOKUP(2,1/(BallisticXGroups!$A$2:$A$200=$A11),BallisticXGroups!$G$2:$G$200),"") | E11: =IFERROR(LOOKUP(2,1/(BallisticXGroups!$A$2:$A$200=$A11),BallisticXGroups!$H$2:$H$200),"") | F11: =IFERROR(LOOKUP(2,1/(BallisticXGroups!$A$2:$A$200=$A11),BallisticXGroups!$I$2:$I$200),"") | G11: =IFERROR(LOOKUP(2,1/(BallisticXGroups!$A$2:$A$200=$A11),BallisticXGroups!$J$2:$J$200),"") | H11: =IFERROR(LOOKUP(2,1/(BallisticXGroups!$A$2:$A$200=$A11),BallisticXGroups!$K$2:$K$200),"") | I11: =IFERROR(LOOKUP(2,1/(BallisticXGroups!$A$2:$A$200=$A11),BallisticXGroups!$L$2:$L$200),"") | J11: =IFERROR(LOOKUP(2,1/(BallisticXGroups!$A$2:$A$200=$A11),BallisticXGroups!$M$2:$M$200),"") | K11: =IFERROR(LOOKUP(2,1/(BallisticXGroups!$A$2:$A$200=$A11),BallisticXGroups!$N$2:$N$200),"") | L11: =IFERROR(LOOKUP(2,1/(BallisticXGroups!$A$2:$A$200=$A11),BallisticXGroups!$F$2:$F$200),"")
A12: P7 | B12: =IFERROR(LOOKUP(2,1/(BallisticXGroups!$A$2:$A$200=$A12),BallisticXGroups!$D$2:$D$200),"") | C12: =IFERROR(LOOKUP(2,1/(BallisticXGroups!$A$2:$A$200=$A12),BallisticXGroups!$E$2:$E$200),"") | D12: =IFERROR(LOOKUP(2,1/(BallisticXGroups!$A$2:$A$200=$A12),BallisticXGroups!$G$2:$G$200),"") | E12: =IFERROR(LOOKUP(2,1/(BallisticXGroups!$A$2:$A$200=$A12),BallisticXGroups!$H$2:$H$200),"") | F12: =IFERROR(LOOKUP(2,1/(BallisticXGroups!$A$2:$A$200=$A12),BallisticXGroups!$I$2:$I$200),"") | G12: =IFERROR(LOOKUP(2,1/(BallisticXGroups!$A$2:$A$200=$A12),BallisticXGroups!$J$2:$J$200),"") | H12: =IFERROR(LOOKUP(2,1/(BallisticXGroups!$A$2:$A$200=$A12),BallisticXGroups!$K$2:$K$200),"") | I12: =IFERROR(LOOKUP(2,1/(BallisticXGroups!$A$2:$A$200=$A12),BallisticXGroups!$L$2:$L$200),"") | J12: =IFERROR(LOOKUP(2,1/(BallisticXGroups!$A$2:$A$200=$A12),BallisticXGroups!$M$2:$M$200),"") | K12: =IFERROR(LOOKUP(2,1/(BallisticXGroups!$A$2:$A$200=$A12),BallisticXGroups!$N$2:$N$200),"") | L12: =IFERROR(LOOKUP(2,1/(BallisticXGroups!$A$2:$A$200=$A12),BallisticXGroups!$F$2:$F$200),"")
A13: P8 | B13: =IFERROR(LOOKUP(2,1/(BallisticXGroups!$A$2:$A$200=$A13),BallisticXGroups!$D$2:$D$200),"") | C13: =IFERROR(LOOKUP(2,1/(BallisticXGroups!$A$2:$A$200=$A13),BallisticXGroups!$E$2:$E$200),"") | D13: =IFERROR(LOOKUP(2,1/(BallisticXGroups!$A$2:$A$200=$A13),BallisticXGroups!$G$2:$G$200),"") | E13: =IFERROR(LOOKUP(2,1/(BallisticXGroups!$A$2:$A$200=$A13),BallisticXGroups!$H$2:$H$200),"") | F13: =IFERROR(LOOKUP(2,1/(BallisticXGroups!$A$2:$A$200=$A13),BallisticXGroups!$I$2:$I$200),"") | G13: =IFERROR(LOOKUP(2,1/(BallisticXGroups!$A$2:$A$200=$A13),BallisticXGroups!$J$2:$J$200),"") | H13: =IFERROR(LOOKUP(2,1/(BallisticXGroups!$A$2:$A$200=$A13),BallisticXGroups!$K$2:$K$200),"") | I13: =IFERROR(LOOKUP(2,1/(BallisticXGroups!$A$2:$A$200=$A13),BallisticXGroups!$L$2:$L$200),"") | J13: =IFERROR(LOOKUP(2,1/(BallisticXGroups!$A$2:$A$200=$A13),BallisticXGroups!$M$2:$M$200),"") | K13: =IFERROR(LOOKUP(2,1/(BallisticXGroups!$A$2:$A$200=$A13),BallisticXGroups!$N$2:$N$200),"") | L13: =IFERROR(LOOKUP(2,1/(BallisticXGroups!$A$2:$A$200=$A13),BallisticXGroups!$F$2:$F$200),"")
A14: P9 | B14: =IFERROR(LOOKUP(2,1/(BallisticXGroups!$A$2:$A$200=$A14),BallisticXGroups!$D$2:$D$200),"") | C14: =IFERROR(LOOKUP(2,1/(BallisticXGroups!$A$2:$A$200=$A14),BallisticXGroups!$E$2:$E$200),"") | D14: =IFERROR(LOOKUP(2,1/(BallisticXGroups!$A$2:$A$200=$A14),BallisticXGroups!$G$2:$G$200),"") | E14: =IFERROR(LOOKUP(2,1/(BallisticXGroups!$A$2:$A$200=$A14),BallisticXGroups!$H$2:$H$200),"") | F14: =IFERROR(LOOKUP(2,1/(BallisticXGroups!$A$2:$A$200=$A14),BallisticXGroups!$I$2:$I$200),"") | G14: =IFERROR(LOOKUP(2,1/(BallisticXGroups!$A$2:$A$200=$A14),BallisticXGroups!$J$2:$J$200),"") | H14: =IFERROR(LOOKUP(2,1/(BallisticXGroups!$A$2:$A$200=$A14),BallisticXGroups!$K$2:$K$200),"") | I14: =IFERROR(LOOKUP(2,1/(BallisticXGroups!$A$2:$A$200=$A14),BallisticXGroups!$L$2:$L$200),"") | J14: =IFERROR(LOOKUP(2,1/(BallisticXGroups!$A$2:$A$200=$A14),BallisticXGroups!$M$2:$M$200),"") | K14: =IFERROR(LOOKUP(2,1/(BallisticXGroups!$A$2:$A$200=$A14),BallisticXGroups!$N$2:$N$200),"") | L14: =IFERROR(LOOKUP(2,1/(BallisticXGroups!$A$2:$A$200=$A14),BallisticXGroups!$F$2:$F$200),"")
A15: P10 | B15: =IFERROR(LOOKUP(2,1/(BallisticXGroups!$A$2:$A$200=$A15),BallisticXGroups!$D$2:$D$200),"") | C15: =IFERROR(LOOKUP(2,1/(BallisticXGroups!$A$2:$A$200=$A15),BallisticXGroups!$E$2:$E$200),"") | D15: =IFERROR(LOOKUP(2,1/(BallisticXGroups!$A$2:$A$200=$A15),BallisticXGroups!$G$2:$G$200),"") | E15: =IFERROR(LOOKUP(2,1/(BallisticXGroups!$A$2:$A$200=$A15),BallisticXGroups!$H$2:$H$200),"") | F15: =IFERROR(LOOKUP(2,1/(BallisticXGroups!$A$2:$A$200=$A15),BallisticXGroups!$I$2:$I$200),"") | G15: =IFERROR(LOOKUP(2,1/(BallisticXGroups!$A$2:$A$200=$A15),BallisticXGroups!$J$2:$J$200),"") | H15: =IFERROR(LOOKUP(2,1/(BallisticXGroups!$A$2:$A$200=$A15),BallisticXGroups!$K$2:$K$200),"") | I15: =IFERROR(LOOKUP(2,1/(BallisticXGroups!$A$2:$A$200=$A15),BallisticXGroups!$L$2:$L$200),"") | J15: =IFERROR(LOOKUP(2,1/(BallisticXGroups!$A$2:$A$200=$A15),BallisticXGroups!$M$2:$M$200),"") | K15: =IFERROR(LOOKUP(2,1/(BallisticXGroups!$A$2:$A$200=$A15),BallisticXGroups!$N$2:$N$200),"") | L15: =IFERROR(LOOKUP(2,1/(BallisticXGroups!$A$2:$A$200=$A15),BallisticXGroups!$F$2:$F$200),"")
A16: SEATING DEPTH (Seating Depth Tests 1–10 → rows 17–26)
A17: S1 | B17: =IFERROR(LOOKUP(2,1/(BallisticXGroups!$A$2:$A$200=$A17),BallisticXGroups!$D$2:$D$200),"") -> 2026-04-26 | C17: =IFERROR(LOOKUP(2,1/(BallisticXGroups!$A$2:$A$200=$A17),BallisticXGroups!$E$2:$E$200),"") -> 100 | D17: =IFERROR(LOOKUP(2,1/(BallisticXGroups!$A$2:$A$200=$A17),BallisticXGroups!$G$2:$G$200),"") -> 0.55 | E17: =IFERROR(LOOKUP(2,1/(BallisticXGroups!$A$2:$A$200=$A17),BallisticXGroups!$H$2:$H$200),"") -> 0.52 | F17: =IFERROR(LOOKUP(2,1/(BallisticXGroups!$A$2:$A$200=$A17),BallisticXGroups!$I$2:$I$200),"") -> 0.48 | G17: =IFERROR(LOOKUP(2,1/(BallisticXGroups!$A$2:$A$200=$A17),BallisticXGroups!$J$2:$J$200),"") -> 0.27 | H17: =IFERROR(LOOKUP(2,1/(BallisticXGroups!$A$2:$A$200=$A17),BallisticXGroups!$K$2:$K$200),"") -> 0.24 | I17: =IFERROR(LOOKUP(2,1/(BallisticXGroups!$A$2:$A$200=$A17),BallisticXGroups!$L$2:$L$200),"") -> 0.16 | J17: =IFERROR(LOOKUP(2,1/(BallisticXGroups!$A$2:$A$200=$A17),BallisticXGroups!$M$2:$M$200),"") -> 0.17 | K17: =IFERROR(LOOKUP(2,1/(BallisticXGroups!$A$2:$A$200=$A17),BallisticXGroups!$N$2:$N$200),"") -> 0.18 | L17: =IFERROR(LOOKUP(2,1/(BallisticXGroups!$A$2:$A$200=$A17),BallisticXGroups!$F$2:$F$200),"") -> 6.5mm
A18: S2 | B18: =IFERROR(LOOKUP(2,1/(BallisticXGroups!$A$2:$A$200=$A18),BallisticXGroups!$D$2:$D$200),"") -> 2026-04-26 | C18: =IFERROR(LOOKUP(2,1/(BallisticXGroups!$A$2:$A$200=$A18),BallisticXGroups!$E$2:$E$200),"") -> 100 | D18: =IFERROR(LOOKUP(2,1/(BallisticXGroups!$A$2:$A$200=$A18),BallisticXGroups!$G$2:$G$200),"") -> 0.41 | E18: =IFERROR(LOOKUP(2,1/(BallisticXGroups!$A$2:$A$200=$A18),BallisticXGroups!$H$2:$H$200),"") -> 0.38 | F18: =IFERROR(LOOKUP(2,1/(BallisticXGroups!$A$2:$A$200=$A18),BallisticXGroups!$I$2:$I$200),"") -> 0.36 | G18: =IFERROR(LOOKUP(2,1/(BallisticXGroups!$A$2:$A$200=$A18),BallisticXGroups!$J$2:$J$200),"") -> 0.21 | H18: =IFERROR(LOOKUP(2,1/(BallisticXGroups!$A$2:$A$200=$A18),BallisticXGroups!$K$2:$K$200),"") -> 0.19 | I18: =IFERROR(LOOKUP(2,1/(BallisticXGroups!$A$2:$A$200=$A18),BallisticXGroups!$L$2:$L$200),"") -> 0.12 | J18: =IFERROR(LOOKUP(2,1/(BallisticXGroups!$A$2:$A$200=$A18),BallisticXGroups!$M$2:$M$200),"") -> 0.13 | K18: =IFERROR(LOOKUP(2,1/(BallisticXGroups!$A$2:$A$200=$A18),BallisticXGroups!$N$2:$N$200),"") -> 0.14 | L18: =IFERROR(LOOKUP(2,1/(BallisticXGroups!$A$2:$A$200=$A18),BallisticXGroups!$F$2:$F$200),"") -> 6.5mm
A19: S3 | B19: =IFERROR(LOOKUP(2,1/(BallisticXGroups!$A$2:$A$200=$A19),BallisticXGroups!$D$2:$D$200),"") -> 2026-04-26 | C19: =IFERROR(LOOKUP(2,1/(BallisticXGroups!$A$2:$A$200=$A19),BallisticXGroups!$E$2:$E$200),"") -> 100 | D19: =IFERROR(LOOKUP(2,1/(BallisticXGroups!$A$2:$A$200=$A19),BallisticXGroups!$G$2:$G$200),"") -> 0.32 | E19: =IFERROR(LOOKUP(2,1/(BallisticXGroups!$A$2:$A$200=$A19),BallisticXGroups!$H$2:$H$200),"") -> 0.29 | F19: =IFERROR(LOOKUP(2,1/(BallisticXGroups!$A$2:$A$200=$A19),BallisticXGroups!$I$2:$I$200),"") -> 0.27 | G19: =IFERROR(LOOKUP(2,1/(BallisticXGroups!$A$2:$A$200=$A19),BallisticXGroups!$J$2:$J$200),"") -> 0.16 | H19: =IFERROR(LOOKUP(2,1/(BallisticXGroups!$A$2:$A$200=$A19),BallisticXGroups!$K$2:$K$200),"") -> 0.14 | I19: =IFERROR(LOOKUP(2,1/(BallisticXGroups!$A$2:$A$200=$A19),BallisticXGroups!$L$2:$L$200),"") -> 0.1 | J19: =IFERROR(LOOKUP(2,1/(BallisticXGroups!$A$2:$A$200=$A19),BallisticXGroups!$M$2:$M$200),"") -> 0.1 | K19: =IFERROR(LOOKUP(2,1/(BallisticXGroups!$A$2:$A$200=$A19),BallisticXGroups!$N$2:$N$200),"") -> 0.11 | L19: =IFERROR(LOOKUP(2,1/(BallisticXGroups!$A$2:$A$200=$A19),BallisticXGroups!$F$2:$F$200),"") -> 6.5mm
A20: S4 | B20: =IFERROR(LOOKUP(2,1/(BallisticXGroups!$A$2:$A$200=$A20),BallisticXGroups!$D$2:$D$200),"") -> 2026-04-26 | C20: =IFERROR(LOOKUP(2,1/(BallisticXGroups!$A$2:$A$200=$A20),BallisticXGroups!$E$2:$E$200),"") -> 100 | D20: =IFERROR(LOOKUP(2,1/(BallisticXGroups!$A$2:$A$200=$A20),BallisticXGroups!$G$2:$G$200),"") -> 0.48 | E20: =IFERROR(LOOKUP(2,1/(BallisticXGroups!$A$2:$A$200=$A20),BallisticXGroups!$H$2:$H$200),"") -> 0.45 | F20: =IFERROR(LOOKUP(2,1/(BallisticXGroups!$A$2:$A$200=$A20),BallisticXGroups!$I$2:$I$200),"") -> 0.42 | G20: =IFERROR(LOOKUP(2,1/(BallisticXGroups!$A$2:$A$200=$A20),BallisticXGroups!$J$2:$J$200),"") -> 0.24 | H20: =IFERROR(LOOKUP(2,1/(BallisticXGroups!$A$2:$A$200=$A20),BallisticXGroups!$K$2:$K$200),"") -> 0.22 | I20: =IFERROR(LOOKUP(2,1/(BallisticXGroups!$A$2:$A$200=$A20),BallisticXGroups!$L$2:$L$200),"") -> 0.14 | J20: =IFERROR(LOOKUP(2,1/(BallisticXGroups!$A$2:$A$200=$A20),BallisticXGroups!$M$2:$M$200),"") -> 0.15 | K20: =IFERROR(LOOKUP(2,1/(BallisticXGroups!$A$2:$A$200=$A20),BallisticXGroups!$N$2:$N$200),"") -> 0.16 | L20: =IFERROR(LOOKUP(2,1/(BallisticXGroups!$A$2:$A$200=$A20),BallisticXGroups!$F$2:$F$200),"") -> 6.5mm
A21: S5 | B21: =IFERROR(LOOKUP(2,1/(BallisticXGroups!$A$2:$A$200=$A21),BallisticXGroups!$D$2:$D$200),"") -> 2026-04-26 | C21: =IFERROR(LOOKUP(2,1/(BallisticXGroups!$A$2:$A$200=$A21),BallisticXGroups!$E$2:$E$200),"") -> 100 | D21: =IFERROR(LOOKUP(2,1/(BallisticXGroups!$A$2:$A$200=$A21),BallisticXGroups!$G$2:$G$200),"") -> 0.62 | E21: =IFERROR(LOOKUP(2,1/(BallisticXGroups!$A$2:$A$200=$A21),BallisticXGroups!$H$2:$H$200),"") -> 0.58 | F21: =IFERROR(LOOKUP(2,1/(BallisticXGroups!$A$2:$A$200=$A21),BallisticXGroups!$I$2:$I$200),"") -> 0.55 | G21: =IFERROR(LOOKUP(2,1/(BallisticXGroups!$A$2:$A$200=$A21),BallisticXGroups!$J$2:$J$200),"") -> 0.31 | H21: =IFERROR(LOOKUP(2,1/(BallisticXGroups!$A$2:$A$200=$A21),BallisticXGroups!$K$2:$K$200),"") -> 0.28 | I21: =IFERROR(LOOKUP(2,1/(BallisticXGroups!$A$2:$A$200=$A21),BallisticXGroups!$L$2:$L$200),"") -> 0.18 | J21: =IFERROR(LOOKUP(2,1/(BallisticXGroups!$A$2:$A$200=$A21),BallisticXGroups!$M$2:$M$200),"") -> 0.19 | K21: =IFERROR(LOOKUP(2,1/(BallisticXGroups!$A$2:$A$200=$A21),BallisticXGroups!$N$2:$N$200),"") -> 0.21 | L21: =IFERROR(LOOKUP(2,1/(BallisticXGroups!$A$2:$A$200=$A21),BallisticXGroups!$F$2:$F$200),"") -> 6.5mm
A22: S6 | B22: =IFERROR(LOOKUP(2,1/(BallisticXGroups!$A$2:$A$200=$A22),BallisticXGroups!$D$2:$D$200),"") | C22: =IFERROR(LOOKUP(2,1/(BallisticXGroups!$A$2:$A$200=$A22),BallisticXGroups!$E$2:$E$200),"") | D22: =IFERROR(LOOKUP(2,1/(BallisticXGroups!$A$2:$A$200=$A22),BallisticXGroups!$G$2:$G$200),"") | E22: =IFERROR(LOOKUP(2,1/(BallisticXGroups!$A$2:$A$200=$A22),BallisticXGroups!$H$2:$H$200),"") | F22: =IFERROR(LOOKUP(2,1/(BallisticXGroups!$A$2:$A$200=$A22),BallisticXGroups!$I$2:$I$200),"") | G22: =IFERROR(LOOKUP(2,1/(BallisticXGroups!$A$2:$A$200=$A22),BallisticXGroups!$J$2:$J$200),"") | H22: =IFERROR(LOOKUP(2,1/(BallisticXGroups!$A$2:$A$200=$A22),BallisticXGroups!$K$2:$K$200),"") | I22: =IFERROR(LOOKUP(2,1/(BallisticXGroups!$A$2:$A$200=$A22),BallisticXGroups!$L$2:$L$200),"") | J22: =IFERROR(LOOKUP(2,1/(BallisticXGroups!$A$2:$A$200=$A22),BallisticXGroups!$M$2:$M$200),"") | K22: =IFERROR(LOOKUP(2,1/(BallisticXGroups!$A$2:$A$200=$A22),BallisticXGroups!$N$2:$N$200),"") | L22: =IFERROR(LOOKUP(2,1/(BallisticXGroups!$A$2:$A$200=$A22),BallisticXGroups!$F$2:$F$200),"")
A23: S7 | B23: =IFERROR(LOOKUP(2,1/(BallisticXGroups!$A$2:$A$200=$A23),BallisticXGroups!$D$2:$D$200),"") | C23: =IFERROR(LOOKUP(2,1/(BallisticXGroups!$A$2:$A$200=$A23),BallisticXGroups!$E$2:$E$200),"") | D23: =IFERROR(LOOKUP(2,1/(BallisticXGroups!$A$2:$A$200=$A23),BallisticXGroups!$G$2:$G$200),"") | E23: =IFERROR(LOOKUP(2,1/(BallisticXGroups!$A$2:$A$200=$A23),BallisticXGroups!$H$2:$H$200),"") | F23: =IFERROR(LOOKUP(2,1/(BallisticXGroups!$A$2:$A$200=$A23),BallisticXGroups!$I$2:$I$200),"") | G23: =IFERROR(LOOKUP(2,1/(BallisticXGroups!$A$2:$A$200=$A23),BallisticXGroups!$J$2:$J$200),"") | H23: =IFERROR(LOOKUP(2,1/(BallisticXGroups!$A$2:$A$200=$A23),BallisticXGroups!$K$2:$K$200),"") | I23: =IFERROR(LOOKUP(2,1/(BallisticXGroups!$A$2:$A$200=$A23),BallisticXGroups!$L$2:$L$200),"") | J23: =IFERROR(LOOKUP(2,1/(BallisticXGroups!$A$2:$A$200=$A23),BallisticXGroups!$M$2:$M$200),"") | K23: =IFERROR(LOOKUP(2,1/(BallisticXGroups!$A$2:$A$200=$A23),BallisticXGroups!$N$2:$N$200),"") | L23: =IFERROR(LOOKUP(2,1/(BallisticXGroups!$A$2:$A$200=$A23),BallisticXGroups!$F$2:$F$200),"")
A24: S8 | B24: =IFERROR(LOOKUP(2,1/(BallisticXGroups!$A$2:$A$200=$A24),BallisticXGroups!$D$2:$D$200),"") | C24: =IFERROR(LOOKUP(2,1/(BallisticXGroups!$A$2:$A$200=$A24),BallisticXGroups!$E$2:$E$200),"") | D24: =IFERROR(LOOKUP(2,1/(BallisticXGroups!$A$2:$A$200=$A24),BallisticXGroups!$G$2:$G$200),"") | E24: =IFERROR(LOOKUP(2,1/(BallisticXGroups!$A$2:$A$200=$A24),BallisticXGroups!$H$2:$H$200),"") | F24: =IFERROR(LOOKUP(2,1/(BallisticXGroups!$A$2:$A$200=$A24),BallisticXGroups!$I$2:$I$200),"") | G24: =IFERROR(LOOKUP(2,1/(BallisticXGroups!$A$2:$A$200=$A24),BallisticXGroups!$J$2:$J$200),"") | H24: =IFERROR(LOOKUP(2,1/(BallisticXGroups!$A$2:$A$200=$A24),BallisticXGroups!$K$2:$K$200),"") | I24: =IFERROR(LOOKUP(2,1/(BallisticXGroups!$A$2:$A$200=$A24),BallisticXGroups!$L$2:$L$200),"") | J24: =IFERROR(LOOKUP(2,1/(BallisticXGroups!$A$2:$A$200=$A24),BallisticXGroups!$M$2:$M$200),"") | K24: =IFERROR(LOOKUP(2,1/(BallisticXGroups!$A$2:$A$200=$A24),BallisticXGroups!$N$2:$N$200),"") | L24: =IFERROR(LOOKUP(2,1/(BallisticXGroups!$A$2:$A$200=$A24),BallisticXGroups!$F$2:$F$200),"")
A25: S9 | B25: =IFERROR(LOOKUP(2,1/(BallisticXGroups!$A$2:$A$200=$A25),BallisticXGroups!$D$2:$D$200),"") | C25: =IFERROR(LOOKUP(2,1/(BallisticXGroups!$A$2:$A$200=$A25),BallisticXGroups!$E$2:$E$200),"") | D25: =IFERROR(LOOKUP(2,1/(BallisticXGroups!$A$2:$A$200=$A25),BallisticXGroups!$G$2:$G$200),"") | E25: =IFERROR(LOOKUP(2,1/(BallisticXGroups!$A$2:$A$200=$A25),BallisticXGroups!$H$2:$H$200),"") | F25: =IFERROR(LOOKUP(2,1/(BallisticXGroups!$A$2:$A$200=$A25),BallisticXGroups!$I$2:$I$200),"") | G25: =IFERROR(LOOKUP(2,1/(BallisticXGroups!$A$2:$A$200=$A25),BallisticXGroups!$J$2:$J$200),"") | H25: =IFERROR(LOOKUP(2,1/(BallisticXGroups!$A$2:$A$200=$A25),BallisticXGroups!$K$2:$K$200),"") | I25: =IFERROR(LOOKUP(2,1/(BallisticXGroups!$A$2:$A$200=$A25),BallisticXGroups!$L$2:$L$200),"") | J25: =IFERROR(LOOKUP(2,1/(BallisticXGroups!$A$2:$A$200=$A25),BallisticXGroups!$M$2:$M$200),"") | K25: =IFERROR(LOOKUP(2,1/(BallisticXGroups!$A$2:$A$200=$A25),BallisticXGroups!$N$2:$N$200),"") | L25: =IFERROR(LOOKUP(2,1/(BallisticXGroups!$A$2:$A$200=$A25),BallisticXGroups!$F$2:$F$200),"")
A26: S10 | B26: =IFERROR(LOOKUP(2,1/(BallisticXGroups!$A$2:$A$200=$A26),BallisticXGroups!$D$2:$D$200),"") | C26: =IFERROR(LOOKUP(2,1/(BallisticXGroups!$A$2:$A$200=$A26),BallisticXGroups!$E$2:$E$200),"") | D26: =IFERROR(LOOKUP(2,1/(BallisticXGroups!$A$2:$A$200=$A26),BallisticXGroups!$G$2:$G$200),"") | E26: =IFERROR(LOOKUP(2,1/(BallisticXGroups!$A$2:$A$200=$A26),BallisticXGroups!$H$2:$H$200),"") | F26: =IFERROR(LOOKUP(2,1/(BallisticXGroups!$A$2:$A$200=$A26),BallisticXGroups!$I$2:$I$200),"") | G26: =IFERROR(LOOKUP(2,1/(BallisticXGroups!$A$2:$A$200=$A26),BallisticXGroups!$J$2:$J$200),"") | H26: =IFERROR(LOOKUP(2,1/(BallisticXGroups!$A$2:$A$200=$A26),BallisticXGroups!$K$2:$K$200),"") | I26: =IFERROR(LOOKUP(2,1/(BallisticXGroups!$A$2:$A$200=$A26),BallisticXGroups!$L$2:$L$200),"") | J26: =IFERROR(LOOKUP(2,1/(BallisticXGroups!$A$2:$A$200=$A26),BallisticXGroups!$M$2:$M$200),"") | K26: =IFERROR(LOOKUP(2,1/(BallisticXGroups!$A$2:$A$200=$A26),BallisticXGroups!$N$2:$N$200),"") | L26: =IFERROR(LOOKUP(2,1/(BallisticXGroups!$A$2:$A$200=$A26),BallisticXGroups!$F$2:$F$200),"")
A28: FREE-FORM GROUP LOG (confirmation groups, calibration, etc.)
B29: =IFERROR(LOOKUP(2,1/(BallisticXGroups!$A$2:$A$200=$A29),BallisticXGroups!$D$2:$D$200),"") -> 0 | C29: =IFERROR(LOOKUP(2,1/(BallisticXGroups!$A$2:$A$200=$A29),BallisticXGroups!$E$2:$E$200),"") -> 0 | D29: =IFERROR(LOOKUP(2,1/(BallisticXGroups!$A$2:$A$200=$A29),BallisticXGroups!$G$2:$G$200),"") -> 0 | E29: =IFERROR(LOOKUP(2,1/(BallisticXGroups!$A$2:$A$200=$A29),BallisticXGroups!$H$2:$H$200),"") -> 0 | F29: =IFERROR(LOOKUP(2,1/(BallisticXGroups!$A$2:$A$200=$A29),BallisticXGroups!$I$2:$I$200),"") -> 0 | G29: =IFERROR(LOOKUP(2,1/(BallisticXGroups!$A$2:$A$200=$A29),BallisticXGroups!$J$2:$J$200),"") -> 0 | H29: =IFERROR(LOOKUP(2,1/(BallisticXGroups!$A$2:$A$200=$A29),BallisticXGroups!$K$2:$K$200),"") -> 0 | I29: =IFERROR(LOOKUP(2,1/(BallisticXGroups!$A$2:$A$200=$A29),BallisticXGroups!$L$2:$L$200),"") -> 0 | J29: =IFERROR(LOOKUP(2,1/(BallisticXGroups!$A$2:$A$200=$A29),BallisticXGroups!$M$2:$M$200),"") -> 0 | K29: =IFERROR(LOOKUP(2,1/(BallisticXGroups!$A$2:$A$200=$A29),BallisticXGroups!$N$2:$N$200),"") -> 0 | L29: =IFERROR(LOOKUP(2,1/(BallisticXGroups!$A$2:$A$200=$A29),BallisticXGroups!$F$2:$F$200),"") -> 0
B30: =IFERROR(LOOKUP(2,1/(BallisticXGroups!$A$2:$A$200=$A30),BallisticXGroups!$D$2:$D$200),"") -> 0 | C30: =IFERROR(LOOKUP(2,1/(BallisticXGroups!$A$2:$A$200=$A30),BallisticXGroups!$E$2:$E$200),"") -> 0 | D30: =IFERROR(LOOKUP(2,1/(BallisticXGroups!$A$2:$A$200=$A30),BallisticXGroups!$G$2:$G$200),"") -> 0 | E30: =IFERROR(LOOKUP(2,1/(BallisticXGroups!$A$2:$A$200=$A30),BallisticXGroups!$H$2:$H$200),"") -> 0 | F30: =IFERROR(LOOKUP(2,1/(BallisticXGroups!$A$2:$A$200=$A30),BallisticXGroups!$I$2:$I$200),"") -> 0 | G30: =IFERROR(LOOKUP(2,1/(BallisticXGroups!$A$2:$A$200=$A30),BallisticXGroups!$J$2:$J$200),"") -> 0 | H30: =IFERROR(LOOKUP(2,1/(BallisticXGroups!$A$2:$A$200=$A30),BallisticXGroups!$K$2:$K$200),"") -> 0 | I30: =IFERROR(LOOKUP(2,1/(BallisticXGroups!$A$2:$A$200=$A30),BallisticXGroups!$L$2:$L$200),"") -> 0 | J30: =IFERROR(LOOKUP(2,1/(BallisticXGroups!$A$2:$A$200=$A30),BallisticXGroups!$M$2:$M$200),"") -> 0 | K30: =IFERROR(LOOKUP(2,1/(BallisticXGroups!$A$2:$A$200=$A30),BallisticXGroups!$N$2:$N$200),"") -> 0 | L30: =IFERROR(LOOKUP(2,1/(BallisticXGroups!$A$2:$A$200=$A30),BallisticXGroups!$F$2:$F$200),"") -> 0
B31: =IFERROR(LOOKUP(2,1/(BallisticXGroups!$A$2:$A$200=$A31),BallisticXGroups!$D$2:$D$200),"") -> 0 | C31: =IFERROR(LOOKUP(2,1/(BallisticXGroups!$A$2:$A$200=$A31),BallisticXGroups!$E$2:$E$200),"") -> 0 | D31: =IFERROR(LOOKUP(2,1/(BallisticXGroups!$A$2:$A$200=$A31),BallisticXGroups!$G$2:$G$200),"") -> 0 | E31: =IFERROR(LOOKUP(2,1/(BallisticXGroups!$A$2:$A$200=$A31),BallisticXGroups!$H$2:$H$200),"") -> 0 | F31: =IFERROR(LOOKUP(2,1/(BallisticXGroups!$A$2:$A$200=$A31),BallisticXGroups!$I$2:$I$200),"") -> 0 | G31: =IFERROR(LOOKUP(2,1/(BallisticXGroups!$A$2:$A$200=$A31),BallisticXGroups!$J$2:$J$200),"") -> 0 | H31: =IFERROR(LOOKUP(2,1/(BallisticXGroups!$A$2:$A$200=$A31),BallisticXGroups!$K$2:$K$200),"") -> 0 | I31: =IFERROR(LOOKUP(2,1/(BallisticXGroups!$A$2:$A$200=$A31),BallisticXGroups!$L$2:$L$200),"") -> 0 | J31: =IFERROR(LOOKUP(2,1/(BallisticXGroups!$A$2:$A$200=$A31),BallisticXGroups!$M$2:$M$200),"") -> 0 | K31: =IFERROR(LOOKUP(2,1/(BallisticXGroups!$A$2:$A$200=$A31),BallisticXGroups!$N$2:$N$200),"") -> 0 | L31: =IFERROR(LOOKUP(2,1/(BallisticXGroups!$A$2:$A$200=$A31),BallisticXGroups!$F$2:$F$200),"") -> 0
B32: =IFERROR(LOOKUP(2,1/(BallisticXGroups!$A$2:$A$200=$A32),BallisticXGroups!$D$2:$D$200),"") -> 0 | C32: =IFERROR(LOOKUP(2,1/(BallisticXGroups!$A$2:$A$200=$A32),BallisticXGroups!$E$2:$E$200),"") -> 0 | D32: =IFERROR(LOOKUP(2,1/(BallisticXGroups!$A$2:$A$200=$A32),BallisticXGroups!$G$2:$G$200),"") -> 0 | E32: =IFERROR(LOOKUP(2,1/(BallisticXGroups!$A$2:$A$200=$A32),BallisticXGroups!$H$2:$H$200),"") -> 0 | F32: =IFERROR(LOOKUP(2,1/(BallisticXGroups!$A$2:$A$200=$A32),BallisticXGroups!$I$2:$I$200),"") -> 0 | G32: =IFERROR(LOOKUP(2,1/(BallisticXGroups!$A$2:$A$200=$A32),BallisticXGroups!$J$2:$J$200),"") -> 0 | H32: =IFERROR(LOOKUP(2,1/(BallisticXGroups!$A$2:$A$200=$A32),BallisticXGroups!$K$2:$K$200),"") -> 0 | I32: =IFERROR(LOOKUP(2,1/(BallisticXGroups!$A$2:$A$200=$A32),BallisticXGroups!$L$2:$L$200),"") -> 0 | J32: =IFERROR(LOOKUP(2,1/(BallisticXGroups!$A$2:$A$200=$A32),BallisticXGroups!$M$2:$M$200),"") -> 0 | K32: =IFERROR(LOOKUP(2,1/(BallisticXGroups!$A$2:$A$200=$A32),BallisticXGroups!$N$2:$N$200),"") -> 0 | L32: =IFERROR(LOOKUP(2,1/(BallisticXGroups!$A$2:$A$200=$A32),BallisticXGroups!$F$2:$F$200),"") -> 0
B33: =IFERROR(LOOKUP(2,1/(BallisticXGroups!$A$2:$A$200=$A33),BallisticXGroups!$D$2:$D$200),"") -> 0 | C33: =IFERROR(LOOKUP(2,1/(BallisticXGroups!$A$2:$A$200=$A33),BallisticXGroups!$E$2:$E$200),"") -> 0 | D33: =IFERROR(LOOKUP(2,1/(BallisticXGroups!$A$2:$A$200=$A33),BallisticXGroups!$G$2:$G$200),"") -> 0 | E33: =IFERROR(LOOKUP(2,1/(BallisticXGroups!$A$2:$A$200=$A33),BallisticXGroups!$H$2:$H$200),"") -> 0 | F33: =IFERROR(LOOKUP(2,1/(BallisticXGroups!$A$2:$A$200=$A33),BallisticXGroups!$I$2:$I$200),"") -> 0 | G33: =IFERROR(LOOKUP(2,1/(BallisticXGroups!$A$2:$A$200=$A33),BallisticXGroups!$J$2:$J$200),"") -> 0 | H33: =IFERROR(LOOKUP(2,1/(BallisticXGroups!$A$2:$A$200=$A33),BallisticXGroups!$K$2:$K$200),"") -> 0 | I33: =IFERROR(LOOKUP(2,1/(BallisticXGroups!$A$2:$A$200=$A33),BallisticXGroups!$L$2:$L$200),"") -> 0 | J33: =IFERROR(LOOKUP(2,1/(BallisticXGroups!$A$2:$A$200=$A33),BallisticXGroups!$M$2:$M$200),"") -> 0 | K33: =IFERROR(LOOKUP(2,1/(BallisticXGroups!$A$2:$A$200=$A33),BallisticXGroups!$N$2:$N$200),"") -> 0 | L33: =IFERROR(LOOKUP(2,1/(BallisticXGroups!$A$2:$A$200=$A33),BallisticXGroups!$F$2:$F$200),"") -> 0
B34: =IFERROR(LOOKUP(2,1/(BallisticXGroups!$A$2:$A$200=$A34),BallisticXGroups!$D$2:$D$200),"") -> 0 | C34: =IFERROR(LOOKUP(2,1/(BallisticXGroups!$A$2:$A$200=$A34),BallisticXGroups!$E$2:$E$200),"") -> 0 | D34: =IFERROR(LOOKUP(2,1/(BallisticXGroups!$A$2:$A$200=$A34),BallisticXGroups!$G$2:$G$200),"") -> 0 | E34: =IFERROR(LOOKUP(2,1/(BallisticXGroups!$A$2:$A$200=$A34),BallisticXGroups!$H$2:$H$200),"") -> 0 | F34: =IFERROR(LOOKUP(2,1/(BallisticXGroups!$A$2:$A$200=$A34),BallisticXGroups!$I$2:$I$200),"") -> 0 | G34: =IFERROR(LOOKUP(2,1/(BallisticXGroups!$A$2:$A$200=$A34),BallisticXGroups!$J$2:$J$200),"") -> 0 | H34: =IFERROR(LOOKUP(2,1/(BallisticXGroups!$A$2:$A$200=$A34),BallisticXGroups!$K$2:$K$200),"") -> 0 | I34: =IFERROR(LOOKUP(2,1/(BallisticXGroups!$A$2:$A$200=$A34),BallisticXGroups!$L$2:$L$200),"") -> 0 | J34: =IFERROR(LOOKUP(2,1/(BallisticXGroups!$A$2:$A$200=$A34),BallisticXGroups!$M$2:$M$200),"") -> 0 | K34: =IFERROR(LOOKUP(2,1/(BallisticXGroups!$A$2:$A$200=$A34),BallisticXGroups!$N$2:$N$200),"") -> 0 | L34: =IFERROR(LOOKUP(2,1/(BallisticXGroups!$A$2:$A$200=$A34),BallisticXGroups!$F$2:$F$200),"") -> 0
B35: =IFERROR(LOOKUP(2,1/(BallisticXGroups!$A$2:$A$200=$A35),BallisticXGroups!$D$2:$D$200),"") -> 0 | C35: =IFERROR(LOOKUP(2,1/(BallisticXGroups!$A$2:$A$200=$A35),BallisticXGroups!$E$2:$E$200),"") -> 0 | D35: =IFERROR(LOOKUP(2,1/(BallisticXGroups!$A$2:$A$200=$A35),BallisticXGroups!$G$2:$G$200),"") -> 0 | E35: =IFERROR(LOOKUP(2,1/(BallisticXGroups!$A$2:$A$200=$A35),BallisticXGroups!$H$2:$H$200),"") -> 0 | F35: =IFERROR(LOOKUP(2,1/(BallisticXGroups!$A$2:$A$200=$A35),BallisticXGroups!$I$2:$I$200),"") -> 0 | G35: =IFERROR(LOOKUP(2,1/(BallisticXGroups!$A$2:$A$200=$A35),BallisticXGroups!$J$2:$J$200),"") -> 0 | H35: =IFERROR(LOOKUP(2,1/(BallisticXGroups!$A$2:$A$200=$A35),BallisticXGroups!$K$2:$K$200),"") -> 0 | I35: =IFERROR(LOOKUP(2,1/(BallisticXGroups!$A$2:$A$200=$A35),BallisticXGroups!$L$2:$L$200),"") -> 0 | J35: =IFERROR(LOOKUP(2,1/(BallisticXGroups!$A$2:$A$200=$A35),BallisticXGroups!$M$2:$M$200),"") -> 0 | K35: =IFERROR(LOOKUP(2,1/(BallisticXGroups!$A$2:$A$200=$A35),BallisticXGroups!$N$2:$N$200),"") -> 0 | L35: =IFERROR(LOOKUP(2,1/(BallisticXGroups!$A$2:$A$200=$A35),BallisticXGroups!$F$2:$F$200),"") -> 0
B36: =IFERROR(LOOKUP(2,1/(BallisticXGroups!$A$2:$A$200=$A36),BallisticXGroups!$D$2:$D$200),"") -> 0 | C36: =IFERROR(LOOKUP(2,1/(BallisticXGroups!$A$2:$A$200=$A36),BallisticXGroups!$E$2:$E$200),"") -> 0 | D36: =IFERROR(LOOKUP(2,1/(BallisticXGroups!$A$2:$A$200=$A36),BallisticXGroups!$G$2:$G$200),"") -> 0 | E36: =IFERROR(LOOKUP(2,1/(BallisticXGroups!$A$2:$A$200=$A36),BallisticXGroups!$H$2:$H$200),"") -> 0 | F36: =IFERROR(LOOKUP(2,1/(BallisticXGroups!$A$2:$A$200=$A36),BallisticXGroups!$I$2:$I$200),"") -> 0 | G36: =IFERROR(LOOKUP(2,1/(BallisticXGroups!$A$2:$A$200=$A36),BallisticXGroups!$J$2:$J$200),"") -> 0 | H36: =IFERROR(LOOKUP(2,1/(BallisticXGroups!$A$2:$A$200=$A36),BallisticXGroups!$K$2:$K$200),"") -> 0 | I36: =IFERROR(LOOKUP(2,1/(BallisticXGroups!$A$2:$A$200=$A36),BallisticXGroups!$L$2:$L$200),"") -> 0 | J36: =IFERROR(LOOKUP(2,1/(BallisticXGroups!$A$2:$A$200=$A36),BallisticXGroups!$M$2:$M$200),"") -> 0 | K36: =IFERROR(LOOKUP(2,1/(BallisticXGroups!$A$2:$A$200=$A36),BallisticXGroups!$N$2:$N$200),"") -> 0 | L36: =IFERROR(LOOKUP(2,1/(BallisticXGroups!$A$2:$A$200=$A36),BallisticXGroups!$F$2:$F$200),"") -> 0
B37: =IFERROR(LOOKUP(2,1/(BallisticXGroups!$A$2:$A$200=$A37),BallisticXGroups!$D$2:$D$200),"") -> 0 | C37: =IFERROR(LOOKUP(2,1/(BallisticXGroups!$A$2:$A$200=$A37),BallisticXGroups!$E$2:$E$200),"") -> 0 | D37: =IFERROR(LOOKUP(2,1/(BallisticXGroups!$A$2:$A$200=$A37),BallisticXGroups!$G$2:$G$200),"") -> 0 | E37: =IFERROR(LOOKUP(2,1/(BallisticXGroups!$A$2:$A$200=$A37),BallisticXGroups!$H$2:$H$200),"") -> 0 | F37: =IFERROR(LOOKUP(2,1/(BallisticXGroups!$A$2:$A$200=$A37),BallisticXGroups!$I$2:$I$200),"") -> 0 | G37: =IFERROR(LOOKUP(2,1/(BallisticXGroups!$A$2:$A$200=$A37),BallisticXGroups!$J$2:$J$200),"") -> 0 | H37: =IFERROR(LOOKUP(2,1/(BallisticXGroups!$A$2:$A$200=$A37),BallisticXGroups!$K$2:$K$200),"") -> 0 | I37: =IFERROR(LOOKUP(2,1/(BallisticXGroups!$A$2:$A$200=$A37),BallisticXGroups!$L$2:$L$200),"") -> 0 | J37: =IFERROR(LOOKUP(2,1/(BallisticXGroups!$A$2:$A$200=$A37),BallisticXGroups!$M$2:$M$200),"") -> 0 | K37: =IFERROR(LOOKUP(2,1/(BallisticXGroups!$A$2:$A$200=$A37),BallisticXGroups!$N$2:$N$200),"") -> 0 | L37: =IFERROR(LOOKUP(2,1/(BallisticXGroups!$A$2:$A$200=$A37),BallisticXGroups!$F$2:$F$200),"") -> 0
B38: =IFERROR(LOOKUP(2,1/(BallisticXGroups!$A$2:$A$200=$A38),BallisticXGroups!$D$2:$D$200),"") -> 0 | C38: =IFERROR(LOOKUP(2,1/(BallisticXGroups!$A$2:$A$200=$A38),BallisticXGroups!$E$2:$E$200),"") -> 0 | D38: =IFERROR(LOOKUP(2,1/(BallisticXGroups!$A$2:$A$200=$A38),BallisticXGroups!$G$2:$G$200),"") -> 0 | E38: =IFERROR(LOOKUP(2,1/(BallisticXGroups!$A$2:$A$200=$A38),BallisticXGroups!$H$2:$H$200),"") -> 0 | F38: =IFERROR(LOOKUP(2,1/(BallisticXGroups!$A$2:$A$200=$A38),BallisticXGroups!$I$2:$I$200),"") -> 0 | G38: =IFERROR(LOOKUP(2,1/(BallisticXGroups!$A$2:$A$200=$A38),BallisticXGroups!$J$2:$J$200),"") -> 0 | H38: =IFERROR(LOOKUP(2,1/(BallisticXGroups!$A$2:$A$200=$A38),BallisticXGroups!$K$2:$K$200),"") -> 0 | I38: =IFERROR(LOOKUP(2,1/(BallisticXGroups!$A$2:$A$200=$A38),BallisticXGroups!$L$2:$L$200),"") -> 0 | J38: =IFERROR(LOOKUP(2,1/(BallisticXGroups!$A$2:$A$200=$A38),BallisticXGroups!$M$2:$M$200),"") -> 0 | K38: =IFERROR(LOOKUP(2,1/(BallisticXGroups!$A$2:$A$200=$A38),BallisticXGroups!$N$2:$N$200),"") -> 0 | L38: =IFERROR(LOOKUP(2,1/(BallisticXGroups!$A$2:$A$200=$A38),BallisticXGroups!$F$2:$F$200),"") -> 0
B39: =IFERROR(LOOKUP(2,1/(BallisticXGroups!$A$2:$A$200=$A39),BallisticXGroups!$D$2:$D$200),"") -> 0 | C39: =IFERROR(LOOKUP(2,1/(BallisticXGroups!$A$2:$A$200=$A39),BallisticXGroups!$E$2:$E$200),"") -> 0 | D39: =IFERROR(LOOKUP(2,1/(BallisticXGroups!$A$2:$A$200=$A39),BallisticXGroups!$G$2:$G$200),"") -> 0 | E39: =IFERROR(LOOKUP(2,1/(BallisticXGroups!$A$2:$A$200=$A39),BallisticXGroups!$H$2:$H$200),"") -> 0 | F39: =IFERROR(LOOKUP(2,1/(BallisticXGroups!$A$2:$A$200=$A39),BallisticXGroups!$I$2:$I$200),"") -> 0 | G39: =IFERROR(LOOKUP(2,1/(BallisticXGroups!$A$2:$A$200=$A39),BallisticXGroups!$J$2:$J$200),"") -> 0 | H39: =IFERROR(LOOKUP(2,1/(BallisticXGroups!$A$2:$A$200=$A39),BallisticXGroups!$K$2:$K$200),"") -> 0 | I39: =IFERROR(LOOKUP(2,1/(BallisticXGroups!$A$2:$A$200=$A39),BallisticXGroups!$L$2:$L$200),"") -> 0 | J39: =IFERROR(LOOKUP(2,1/(BallisticXGroups!$A$2:$A$200=$A39),BallisticXGroups!$M$2:$M$200),"") -> 0 | K39: =IFERROR(LOOKUP(2,1/(BallisticXGroups!$A$2:$A$200=$A39),BallisticXGroups!$N$2:$N$200),"") -> 0 | L39: =IFERROR(LOOKUP(2,1/(BallisticXGroups!$A$2:$A$200=$A39),BallisticXGroups!$F$2:$F$200),"") -> 0
B40: =IFERROR(LOOKUP(2,1/(BallisticXGroups!$A$2:$A$200=$A40),BallisticXGroups!$D$2:$D$200),"") -> 0 | C40: =IFERROR(LOOKUP(2,1/(BallisticXGroups!$A$2:$A$200=$A40),BallisticXGroups!$E$2:$E$200),"") -> 0 | D40: =IFERROR(LOOKUP(2,1/(BallisticXGroups!$A$2:$A$200=$A40),BallisticXGroups!$G$2:$G$200),"") -> 0 | E40: =IFERROR(LOOKUP(2,1/(BallisticXGroups!$A$2:$A$200=$A40),BallisticXGroups!$H$2:$H$200),"") -> 0 | F40: =IFERROR(LOOKUP(2,1/(BallisticXGroups!$A$2:$A$200=$A40),BallisticXGroups!$I$2:$I$200),"") -> 0 | G40: =IFERROR(LOOKUP(2,1/(BallisticXGroups!$A$2:$A$200=$A40),BallisticXGroups!$J$2:$J$200),"") -> 0 | H40: =IFERROR(LOOKUP(2,1/(BallisticXGroups!$A$2:$A$200=$A40),BallisticXGroups!$K$2:$K$200),"") -> 0 | I40: =IFERROR(LOOKUP(2,1/(BallisticXGroups!$A$2:$A$200=$A40),BallisticXGroups!$L$2:$L$200),"") -> 0 | J40: =IFERROR(LOOKUP(2,1/(BallisticXGroups!$A$2:$A$200=$A40),BallisticXGroups!$M$2:$M$200),"") -> 0 | K40: =IFERROR(LOOKUP(2,1/(BallisticXGroups!$A$2:$A$200=$A40),BallisticXGroups!$N$2:$N$200),"") -> 0 | L40: =IFERROR(LOOKUP(2,1/(BallisticXGroups!$A$2:$A$200=$A40),BallisticXGroups!$F$2:$F$200),"") -> 0
... B43: =IFERROR(LOOKUP(2,1/(BallisticXGroups!$A$2:$A$200=$A43),BallisticXGroups!$D$2:$D$200),"") -> 0 | C43: =IFERROR(LOOKUP(2,1/(BallisticXGroups!$A$2:$A$200=$A43),BallisticXGroups!$E$2:$E$200),"") -> 0 | D43: =IFERROR(LOOKUP(2,1/(BallisticXGroups!$A$2:$A$200=$A43),BallisticXGroups!$G$2:$G$200),"") -> 0 | E43: =IFERROR(LOOKUP(2,1/(BallisticXGroups!$A$2:$A$200=$A43),BallisticXGroups!$H$2:$H$200),"") -> 0 | F43: =IFERROR(LOOKUP(2,1/(BallisticXGroups!$A$2:$A$200=$A43),BallisticXGroups!$I$2:$I$200),"") -> 0 | G43: =IFERROR(LOOKUP(2,1/(BallisticXGroups!$A$2:$A$200=$A43),BallisticXGroups!$J$2:$J$200),"") -> 0 | H43: =IFERROR(LOOKUP(2,1/(BallisticXGroups!$A$2:$A$200=$A43),BallisticXGroups!$K$2:$K$200),"") -> 0 | I43: =IFERROR(LOOKUP(2,1/(BallisticXGroups!$A$2:$A$200=$A43),BallisticXGroups!$L$2:$L$200),"") -> 0 | J43: =IFERROR(LOOKUP(2,1/(BallisticXGroups!$A$2:$A$200=$A43),BallisticXGroups!$M$2:$M$200),"") -> 0 | K43: =IFERROR(LOOKUP(2,1/(BallisticXGroups!$A$2:$A$200=$A43),BallisticXGroups!$N$2:$N$200),"") -> 0 | L43: =IFERROR(LOOKUP(2,1/(BallisticXGroups!$A$2:$A$200=$A43),BallisticXGroups!$F$2:$F$200),"") -> 0
A45: HOW THE WIRING WORKS
A46: After Power Query setup, this sheet pulls every group from your BallisticX CSVs. Workflow: 1. After shooting, in BallisticX, label each group with its tag (P1–P10 for powder ladder, S1–S10 for seating depth, anything for confirmation groups). 2. Export BallisticX history as CSV → save into ~/Documents/Claude/Projects/Rifle Load Data/BallisticX Imports/ 3. In Excel: Data → Refresh All. This sheet auto-populates. 4. Copy the Group, Mean Radius, and Height values from this sheet into the matching Load Log / Seating Depth row. If you run "do phase 2" later, the Group / MR / Height cells on Load Log + SD will pull from this tab automatically by tag.

Sheet Load Library
A1: Load Library — Confirmed Loads
A2: CONFIRMED LOADS ONLY. After Load Log + Seating Depth produce a winner and you've shot a 5–10 shot confirmation group, fill in one row here. Hover any header for what to enter.
A3: IDENTIFICATION | E3: RECIPE | M3: PERFORMANCE | Q3: NOTES
A4: # | B4: Date Added | C4: Load Name | D4: Rifle | E4: Bullet | F4: Bullet Wt (gr) | G4: Powder | H4: Charge (gr) | I4: Primer | J4: Brass | K4: CBTO (in) | L4: Jump (in) | M4: Avg Vel (fps) | N4: SD (fps) | O4: Group (MOA) | P4: MR (MOA) | Q4: Notes / Conditions
A5: 1 | B5: 46143 | C5: 6.5 CM 140 ELD-M / H4350 42.4 / 0.035 jump | D5: Tikka T3X CTR 6.5 CM | E5: Hornady ELD-M | F5: 140 | G5: Hodgdon H4350 | H5: 42.4 | I5: CCI BR-2 | J5: Hornady | K5: 2.224 | L5: 0.035 | M5: 2780 | N5: 2.5 | O5: 0.38 | P5: 0.18 | Q5: Confirmed at 100 yd, 65°F, 1500 ft DA. 10-shot string.
A6: 2 | B6: 45971 | C6: 6.5 CM 140 Berger Hybrid / H4350 42.1 / 0.020 jump | D6: Tikka T3X CTR 6.5 CM | E6: Berger Hybrid Target | F6: 140 | G6: Hodgdon H4350 | H6: 42.1 | I6: Fed 210M | J6: Lapua | K6: 2.218 | L6: 0.02 | M6: 2745 | N6: 5.1 | O6: 0.52 | P6: 0.24 | Q6: Prior season — switched to ELD-M for lower SD.
A7: 3 | B7: 46099 | C7: 6 ARC 108 ELD-M / CFE 223 26.5 / 0.040 jump | D7: Bergara B14 HMR 6 ARC | E7: Hornady ELD-M | F7: 108 | G7: Hodgdon CFE 223 | H7: 26.5 | I7: CCI 450 | J7: Hornady | K7: 1.91 | L7: 0.04 | M7: 2680 | N7: 6.8 | O7: 0.55 | P7: 0.28 | Q7: Truck gun build. Good cold-bore consistency.

Sheet Ballistics
A1: Ballistics — DOPE / Range Card
A2: → Print Pocket Range Card ←
A3: → Print This Workbook ←
A4: 📍 After your range session — type the elevation and wind values you dialed at each distance into the columns below. Click counts fill in automatically.
A5: Rifle: | B5: Tikka T3X CTR 6.5 CM | D5: Bullet: | E5: Hornady 140gr ELD-M | G5: Charge: | H5: 42.4 | J5: Vel: | K5: 2780
A6: Scope: | B6: Leupold Mark 5HD 5-25x56 | D6: Zero (yd): | E6: 100 | G6: Sight Ht (in): | H6: 1.75 | J6: Twist: | K6: 1:8 RH
A7: ↓ Type your dialed Mils or MOA into the columns below — click counts auto-fill in the gray columns next to each.
A8: Range (yd) | B8: Mils Dialed | C8: Mil Clicks (auto) | D8: MOA Dialed | E8: MOA Clicks (auto) | F8: Wind Hold Mils (per 10 mph wind) | G8: Wind Mil Clicks (auto) | H8: Wind Hold MOA (per 10 mph wind) | I8: Wind MOA Clicks (auto) | J8: TOF (sec) | K8: Notes
A9: 100 | B9: 0 | C9: =IF(B9="","",IF('Powder Charge Log'!$G$7="0.1 Mil",B9*10,IF('Powder Charge Log'!$G$7="0.05 Mil",B9*20,""))) -> 0 | D9: 0 | E9: =IF(D9="","",IF('Powder Charge Log'!$G$7="1/4 MOA",D9*4,IF('Powder Charge Log'!$G$7="1/8 MOA",D9*8,""))) | F9: 0 | G9: =IF(F9="","",IF('Powder Charge Log'!$G$7="0.1 Mil",F9*10,IF('Powder Charge Log'!$G$7="0.05 Mil",F9*20,""))) -> 0 | H9: 0 | I9: =IF(H9="","",IF('Powder Charge Log'!$G$7="1/4 MOA",H9*4,IF('Powder Charge Log'!$G$7="1/8 MOA",H9*8,""))) | J9: 0.11
A10: 200 | B10: 0.1 | C10: =IF(B10="","",IF('Powder Charge Log'!$G$7="0.1 Mil",B10*10,IF('Powder Charge Log'!$G$7="0.05 Mil",B10*20,""))) -> 1 | D10: 0.5 | E10: =IF(D10="","",IF('Powder Charge Log'!$G$7="1/4 MOA",D10*4,IF('Powder Charge Log'!$G$7="1/8 MOA",D10*8,""))) | F10: 0.3 | G10: =IF(F10="","",IF('Powder Charge Log'!$G$7="0.1 Mil",F10*10,IF('Powder Charge Log'!$G$7="0.05 Mil",F10*20,""))) -> 3 | H10: 1 | I10: =IF(H10="","",IF('Powder Charge Log'!$G$7="1/4 MOA",H10*4,IF('Powder Charge Log'!$G$7="1/8 MOA",H10*8,""))) | J10: 0.23
A11: 300 | B11: 0.6 | C11: =IF(B11="","",IF('Powder Charge Log'!$G$7="0.1 Mil",B11*10,IF('Powder Charge Log'!$G$7="0.05 Mil",B11*20,""))) -> 6 | D11: 2 | E11: =IF(D11="","",IF('Powder Charge Log'!$G$7="1/4 MOA",D11*4,IF('Powder Charge Log'!$G$7="1/8 MOA",D11*8,""))) | F11: 0.5 | G11: =IF(F11="","",IF('Powder Charge Log'!$G$7="0.1 Mil",F11*10,IF('Powder Charge Log'!$G$7="0.05 Mil",F11*20,""))) -> 5 | H11: 1.7 | I11: =IF(H11="","",IF('Powder Charge Log'!$G$7="1/4 MOA",H11*4,IF('Powder Charge Log'!$G$7="1/8 MOA",H11*8,""))) | J11: 0.36
A12: 400 | B12: 1.2 | C12: =IF(B12="","",IF('Powder Charge Log'!$G$7="0.1 Mil",B12*10,IF('Powder Charge Log'!$G$7="0.05 Mil",B12*20,""))) -> 12 | D12: 4.1 | E12: =IF(D12="","",IF('Powder Charge Log'!$G$7="1/4 MOA",D12*4,IF('Powder Charge Log'!$G$7="1/8 MOA",D12*8,""))) | F12: 0.7 | G12: =IF(F12="","",IF('Powder Charge Log'!$G$7="0.1 Mil",F12*10,IF('Powder Charge Log'!$G$7="0.05 Mil",F12*20,""))) -> 7 | H12: 2.4 | I12: =IF(H12="","",IF('Powder Charge Log'!$G$7="1/4 MOA",H12*4,IF('Powder Charge Log'!$G$7="1/8 MOA",H12*8,""))) | J12: 0.5
A13: 500 | B13: 2 | C13: =IF(B13="","",IF('Powder Charge Log'!$G$7="0.1 Mil",B13*10,IF('Powder Charge Log'!$G$7="0.05 Mil",B13*20,""))) -> 20 | D13: 6.9 | E13: =IF(D13="","",IF('Powder Charge Log'!$G$7="1/4 MOA",D13*4,IF('Powder Charge Log'!$G$7="1/8 MOA",D13*8,""))) | F13: 0.9 | G13: =IF(F13="","",IF('Powder Charge Log'!$G$7="0.1 Mil",F13*10,IF('Powder Charge Log'!$G$7="0.05 Mil",F13*20,""))) -> 9 | H13: 3.1 | I13: =IF(H13="","",IF('Powder Charge Log'!$G$7="1/4 MOA",H13*4,IF('Powder Charge Log'!$G$7="1/8 MOA",H13*8,""))) | J13: 0.66
A14: 600 | B14: 2.8 | C14: =IF(B14="","",IF('Powder Charge Log'!$G$7="0.1 Mil",B14*10,IF('Powder Charge Log'!$G$7="0.05 Mil",B14*20,""))) -> 28 | D14: 9.6 | E14: =IF(D14="","",IF('Powder Charge Log'!$G$7="1/4 MOA",D14*4,IF('Powder Charge Log'!$G$7="1/8 MOA",D14*8,""))) | F14: 1.2 | G14: =IF(F14="","",IF('Powder Charge Log'!$G$7="0.1 Mil",F14*10,IF('Powder Charge Log'!$G$7="0.05 Mil",F14*20,""))) -> 12 | H14: 4.1 | I14: =IF(H14="","",IF('Powder Charge Log'!$G$7="1/4 MOA",H14*4,IF('Powder Charge Log'!$G$7="1/8 MOA",H14*8,""))) | J14: 0.83
A15: 700 | B15: 3.7 | C15: =IF(B15="","",IF('Powder Charge Log'!$G$7="0.1 Mil",B15*10,IF('Powder Charge Log'!$G$7="0.05 Mil",B15*20,""))) -> 37 | D15: 12.7 | E15: =IF(D15="","",IF('Powder Charge Log'!$G$7="1/4 MOA",D15*4,IF('Powder Charge Log'!$G$7="1/8 MOA",D15*8,""))) | F15: 1.5 | G15: =IF(F15="","",IF('Powder Charge Log'!$G$7="0.1 Mil",F15*10,IF('Powder Charge Log'!$G$7="0.05 Mil",F15*20,""))) -> 15 | H15: 5.1 | I15: =IF(H15="","",IF('Powder Charge Log'!$G$7="1/4 MOA",H15*4,IF('Powder Charge Log'!$G$7="1/8 MOA",H15*8,""))) | J15: 1.02
A16: 800 | B16: 4.8 | C16: =IF(B16="","",IF('Powder Charge Log'!$G$7="0.1 Mil",B16*10,IF('Powder Charge Log'!$G$7="0.05 Mil",B16*20,""))) -> 48 | D16: 16.5 | E16: =IF(D16="","",IF('Powder Charge Log'!$G$7="1/4 MOA",D16*4,IF('Powder Charge Log'!$G$7="1/8 MOA",D16*8,""))) | F16: 1.8 | G16: =IF(F16="","",IF('Powder Charge Log'!$G$7="0.1 Mil",F16*10,IF('Powder Charge Log'!$G$7="0.05 Mil",F16*20,""))) -> 18 | H16: 6.2 | I16: =IF(H16="","",IF('Powder Charge Log'!$G$7="1/4 MOA",H16*4,IF('Powder Charge Log'!$G$7="1/8 MOA",H16*8,""))) | J16: 1.23
A17: 900 | B17: 6 | C17: =IF(B17="","",IF('Powder Charge Log'!$G$7="0.1 Mil",B17*10,IF('Powder Charge Log'!$G$7="0.05 Mil",B17*20,""))) -> 60 | D17: 20.6 | E17: =IF(D17="","",IF('Powder Charge Log'!$G$7="1/4 MOA",D17*4,IF('Powder Charge Log'!$G$7="1/8 MOA",D17*8,""))) | F17: 2.1 | G17: =IF(F17="","",IF('Powder Charge Log'!$G$7="0.1 Mil",F17*10,IF('Powder Charge Log'!$G$7="0.05 Mil",F17*20,""))) -> 21 | H17: 7.2 | I17: =IF(H17="","",IF('Powder Charge Log'!$G$7="1/4 MOA",H17*4,IF('Powder Charge Log'!$G$7="1/8 MOA",H17*8,""))) | J17: 1.46
A18: 1000 | B18: 7.3 | C18: =IF(B18="","",IF('Powder Charge Log'!$G$7="0.1 Mil",B18*10,IF('Powder Charge Log'!$G$7="0.05 Mil",B18*20,""))) -> 73 | D18: 25 | E18: =IF(D18="","",IF('Powder Charge Log'!$G$7="1/4 MOA",D18*4,IF('Powder Charge Log'!$G$7="1/8 MOA",D18*8,""))) | F18: 2.4 | G18: =IF(F18="","",IF('Powder Charge Log'!$G$7="0.1 Mil",F18*10,IF('Powder Charge Log'!$G$7="0.05 Mil",F18*20,""))) -> 24 | H18: 8.2 | I18: =IF(H18="","",IF('Powder Charge Log'!$G$7="1/4 MOA",H18*4,IF('Powder Charge Log'!$G$7="1/8 MOA",H18*8,""))) | J18: 1.71
A22: =IF(IFERROR('Load Library'!C6,"")="","LOAD #2 — (empty — fill in Load Library row 6)","LOAD #2 — "&'Load Library'!C6) -> LOAD #2 — 6.5 CM 140 Berger Hybrid / H4350 42.1 / 0.020 jump
A23: Rifle: | B23: =IF(IFERROR('Load Library'!D6,"")="","",'Load Library'!D6) -> Tikka T3X CTR 6.5 CM | D23: Bullet: | E23: =IF(IFERROR('Load Library'!E6,"")="","",'Load Library'!E6&" ("&'Load Library'!F6&"gr)") -> Berger Hybrid Target (140gr) | G23: Charge: | H23: =IF(IFERROR('Load Library'!H6,"")="","",'Load Library'!H6&" gr "&'Load Library'!G6) -> 42.1 gr Hodgdon H4350 | J23: Vel: | K23: =IF(IFERROR('Load Library'!M6,"")="","",'Load Library'!M6&" fps") -> 2745 fps
A24: Scope: | D24: Zero (yd): | E24: 100 | G24: Sight Ht (in): | H24: 1.75 | J24: Twist: | K24: 1:8 RH
A26: Range (yd) | B26: Mils — Elev | C26: Mil Clicks | D26: MOA — Elev | E26: MOA Clicks | F26: Wind Mils / 10 mph | G26: Wind Mil Clk | H26: Wind MOA / 10 mph | I26: Wind MOA Clk | J26: TOF (sec) | K26: Notes
A27: 100 | C27: =IF(B27="","",IF('Powder Charge Log'!$G$7="0.1 Mil",B27*10,IF('Powder Charge Log'!$G$7="0.05 Mil",B27*20,""))) | E27: =IF(D27="","",IF('Powder Charge Log'!$G$7="1/4 MOA",D27*4,IF('Powder Charge Log'!$G$7="1/8 MOA",D27*8,""))) | G27: =IF(F27="","",IF('Powder Charge Log'!$G$7="0.1 Mil",F27*10,IF('Powder Charge Log'!$G$7="0.05 Mil",F27*20,""))) | I27: =IF(H27="","",IF('Powder Charge Log'!$G$7="1/4 MOA",H27*4,IF('Powder Charge Log'!$G$7="1/8 MOA",H27*8,"")))
A28: 200 | C28: =IF(B28="","",IF('Powder Charge Log'!$G$7="0.1 Mil",B28*10,IF('Powder Charge Log'!$G$7="0.05 Mil",B28*20,""))) | E28: =IF(D28="","",IF('Powder Charge Log'!$G$7="1/4 MOA",D28*4,IF('Powder Charge Log'!$G$7="1/8 MOA",D28*8,""))) | G28: =IF(F28="","",IF('Powder Charge Log'!$G$7="0.1 Mil",F28*10,IF('Powder Charge Log'!$G$7="0.05 Mil",F28*20,""))) | I28: =IF(H28="","",IF('Powder Charge Log'!$G$7="1/4 MOA",H28*4,IF('Powder Charge Log'!$G$7="1/8 MOA",H28*8,"")))
A29: 300 | C29: =IF(B29="","",IF('Powder Charge Log'!$G$7="0.1 Mil",B29*10,IF('Powder Charge Log'!$G$7="0.05 Mil",B29*20,""))) | E29: =IF(D29="","",IF('Powder Charge Log'!$G$7="1/4 MOA",D29*4,IF('Powder Charge Log'!$G$7="1/8 MOA",D29*8,""))) | G29: =IF(F29="","",IF('Powder Charge Log'!$G$7="0.1 Mil",F29*10,IF('Powder Charge Log'!$G$7="0.05 Mil",F29*20,""))) | I29: =IF(H29="","",IF('Powder Charge Log'!$G$7="1/4 MOA",H29*4,IF('Powder Charge Log'!$G$7="1/8 MOA",H29*8,"")))
A30: 400 | C30: =IF(B30="","",IF('Powder Charge Log'!$G$7="0.1 Mil",B30*10,IF('Powder Charge Log'!$G$7="0.05 Mil",B30*20,""))) | E30: =IF(D30="","",IF('Powder Charge Log'!$G$7="1/4 MOA",D30*4,IF('Powder Charge Log'!$G$7="1/8 MOA",D30*8,""))) | G30: =IF(F30="","",IF('Powder Charge Log'!$G$7="0.1 Mil",F30*10,IF('Powder Charge Log'!$G$7="0.05 Mil",F30*20,""))) | I30: =IF(H30="","",IF('Powder Charge Log'!$G$7="1/4 MOA",H30*4,IF('Powder Charge Log'!$G$7="1/8 MOA",H30*8,"")))
A31: 500 | C31: =IF(B31="","",IF('Powder Charge Log'!$G$7="0.1 Mil",B31*10,IF('Powder Charge Log'!$G$7="0.05 Mil",B31*20,""))) | E31: =IF(D31="","",IF('Powder Charge Log'!$G$7="1/4 MOA",D31*4,IF('Powder Charge Log'!$G$7="1/8 MOA",D31*8,""))) | G31: =IF(F31="","",IF('Powder Charge Log'!$G$7="0.1 Mil",F31*10,IF('Powder Charge Log'!$G$7="0.05 Mil",F31*20,""))) | I31: =IF(H31="","",IF('Powder Charge Log'!$G$7="1/4 MOA",H31*4,IF('Powder Charge Log'!$G$7="1/8 MOA",H31*8,"")))
A32: 600 | C32: =IF(B32="","",IF('Powder Charge Log'!$G$7="0.1 Mil",B32*10,IF('Powder Charge Log'!$G$7="0.05 Mil",B32*20,""))) | E32: =IF(D32="","",IF('Powder Charge Log'!$G$7="1/4 MOA",D32*4,IF('Powder Charge Log'!$G$7="1/8 MOA",D32*8,""))) | G32: =IF(F32="","",IF('Powder Charge Log'!$G$7="0.1 Mil",F32*10,IF('Powder Charge Log'!$G$7="0.05 Mil",F32*20,""))) | I32: =IF(H32="","",IF('Powder Charge Log'!$G$7="1/4 MOA",H32*4,IF('Powder Charge Log'!$G$7="1/8 MOA",H32*8,"")))
A33: 700 | C33: =IF(B33="","",IF('Powder Charge Log'!$G$7="0.1 Mil",B33*10,IF('Powder Charge Log'!$G$7="0.05 Mil",B33*20,""))) | E33: =IF(D33="","",IF('Powder Charge Log'!$G$7="1/4 MOA",D33*4,IF('Powder Charge Log'!$G$7="1/8 MOA",D33*8,""))) | G33: =IF(F33="","",IF('Powder Charge Log'!$G$7="0.1 Mil",F33*10,IF('Powder Charge Log'!$G$7="0.05 Mil",F33*20,""))) | I33: =IF(H33="","",IF('Powder Charge Log'!$G$7="1/4 MOA",H33*4,IF('Powder Charge Log'!$G$7="1/8 MOA",H33*8,"")))
A34: 800 | C34: =IF(B34="","",IF('Powder Charge Log'!$G$7="0.1 Mil",B34*10,IF('Powder Charge Log'!$G$7="0.05 Mil",B34*20,""))) | E34: =IF(D34="","",IF('Powder Charge Log'!$G$7="1/4 MOA",D34*4,IF('Powder Charge Log'!$G$7="1/8 MOA",D34*8,""))) | G34: =IF(F34="","",IF('Powder Charge Log'!$G$7="0.1 Mil",F34*10,IF('Powder Charge Log'!$G$7="0.05 Mil",F34*20,""))) | I34: =IF(H34="","",IF('Powder Charge Log'!$G$7="1/4 MOA",H34*4,IF('Powder Charge Log'!$G$7="1/8 MOA",H34*8,"")))
A35: 900 | C35: =IF(B35="","",IF('Powder Charge Log'!$G$7="0.1 Mil",B35*10,IF('Powder Charge Log'!$G$7="0.05 Mil",B35*20,""))) | E35: =IF(D35="","",IF('Powder Charge Log'!$G$7="1/4 MOA",D35*4,IF('Powder Charge Log'!$G$7="1/8 MOA",D35*8,""))) | G35: =IF(F35="","",IF('Powder Charge Log'!$G$7="0.1 Mil",F35*10,IF('Powder Charge Log'!$G$7="0.05 Mil",F35*20,""))) | I35: =IF(H35="","",IF('Powder Charge Log'!$G$7="1/4 MOA",H35*4,IF('Powder Charge Log'!$G$7="1/8 MOA",H35*8,"")))
A36: 1000 | C36: =IF(B36="","",IF('Powder Charge Log'!$G$7="0.1 Mil",B36*10,IF('Powder Charge Log'!$G$7="0.05 Mil",B36*20,""))) | E36: =IF(D36="","",IF('Powder Charge Log'!$G$7="1/4 MOA",D36*4,IF('Powder Charge Log'!$G$7="1/8 MOA",D36*8,""))) | G36: =IF(F36="","",IF('Powder Charge Log'!$G$7="0.1 Mil",F36*10,IF('Powder Charge Log'!$G$7="0.05 Mil",F36*20,""))) | I36: =IF(H36="","",IF('Powder Charge Log'!$G$7="1/4 MOA",H36*4,IF('Powder Charge Log'!$G$7="1/8 MOA",H36*8,"")))
A40: =IF(IFERROR('Load Library'!C7,"")="","LOAD #3 — (empty — fill in Load Library row 7)","LOAD #3 — "&'Load Library'!C7) -> LOAD #3 — 6 ARC 108 ELD-M / CFE 223 26.5 / 0.040 jump
A41: Rifle: | B41: =IF(IFERROR('Load Library'!D7,"")="","",'Load Library'!D7) -> Bergara B14 HMR 6 ARC | D41: Bullet: | E41: =IF(IFERROR('Load Library'!E7,"")="","",'Load Library'!E7&" ("&'Load Library'!F7&"gr)") -> Hornady ELD-M (108gr) | G41: Charge: | H41: =IF(IFERROR('Load Library'!H7,"")="","",'Load Library'!H7&" gr "&'Load Library'!G7) -> 26.5 gr Hodgdon CFE 223 | J41: Vel: | K41: =IF(IFERROR('Load Library'!M7,"")="","",'Load Library'!M7&" fps") -> 2680 fps
A42: Scope: | D42: Zero (yd): | E42: 100 | G42: Sight Ht (in): | H42: 1.75 | J42: Twist: | K42: 1:8 RH
A44: Range (yd) | B44: Mils — Elev | C44: Mil Clicks | D44: MOA — Elev | E44: MOA Clicks | F44: Wind Mils / 10 mph | G44: Wind Mil Clk | H44: Wind MOA / 10 mph | I44: Wind MOA Clk | J44: TOF (sec) | K44: Notes
A45: 100 | C45: =IF(B45="","",IF('Powder Charge Log'!$G$7="0.1 Mil",B45*10,IF('Powder Charge Log'!$G$7="0.05 Mil",B45*20,""))) | E45: =IF(D45="","",IF('Powder Charge Log'!$G$7="1/4 MOA",D45*4,IF('Powder Charge Log'!$G$7="1/8 MOA",D45*8,""))) | G45: =IF(F45="","",IF('Powder Charge Log'!$G$7="0.1 Mil",F45*10,IF('Powder Charge Log'!$G$7="0.05 Mil",F45*20,""))) | I45: =IF(H45="","",IF('Powder Charge Log'!$G$7="1/4 MOA",H45*4,IF('Powder Charge Log'!$G$7="1/8 MOA",H45*8,"")))
A46: 200 | C46: =IF(B46="","",IF('Powder Charge Log'!$G$7="0.1 Mil",B46*10,IF('Powder Charge Log'!$G$7="0.05 Mil",B46*20,""))) | E46: =IF(D46="","",IF('Powder Charge Log'!$G$7="1/4 MOA",D46*4,IF('Powder Charge Log'!$G$7="1/8 MOA",D46*8,""))) | G46: =IF(F46="","",IF('Powder Charge Log'!$G$7="0.1 Mil",F46*10,IF('Powder Charge Log'!$G$7="0.05 Mil",F46*20,""))) | I46: =IF(H46="","",IF('Powder Charge Log'!$G$7="1/4 MOA",H46*4,IF('Powder Charge Log'!$G$7="1/8 MOA",H46*8,"")))
A47: 300 | C47: =IF(B47="","",IF('Powder Charge Log'!$G$7="0.1 Mil",B47*10,IF('Powder Charge Log'!$G$7="0.05 Mil",B47*20,""))) | E47: =IF(D47="","",IF('Powder Charge Log'!$G$7="1/4 MOA",D47*4,IF('Powder Charge Log'!$G$7="1/8 MOA",D47*8,""))) | G47: =IF(F47="","",IF('Powder Charge Log'!$G$7="0.1 Mil",F47*10,IF('Powder Charge Log'!$G$7="0.05 Mil",F47*20,""))) | I47: =IF(H47="","",IF('Powder Charge Log'!$G$7="1/4 MOA",H47*4,IF('Powder Charge Log'!$G$7="1/8 MOA",H47*8,"")))
A48: 400 | C48: =IF(B48="","",IF('Powder Charge Log'!$G$7="0.1 Mil",B48*10,IF('Powder Charge Log'!$G$7="0.05 Mil",B48*20,""))) | E48: =IF(D48="","",IF('Powder Charge Log'!$G$7="1/4 MOA",D48*4,IF('Powder Charge Log'!$G$7="1/8 MOA",D48*8,""))) | G48: =IF(F48="","",IF('Powder Charge Log'!$G$7="0.1 Mil",F48*10,IF('Powder Charge Log'!$G$7="0.05 Mil",F48*20,""))) | I48: =IF(H48="","",IF('Powder Charge Log'!$G$7="1/4 MOA",H48*4,IF('Powder Charge Log'!$G$7="1/8 MOA",H48*8,"")))
A49: 500 | C49: =IF(B49="","",IF('Powder Charge Log'!$G$7="0.1 Mil",B49*10,IF('Powder Charge Log'!$G$7="0.05 Mil",B49*20,""))) | E49: =IF(D49="","",IF('Powder Charge Log'!$G$7="1/4 MOA",D49*4,IF('Powder Charge Log'!$G$7="1/8 MOA",D49*8,""))) | G49: =IF(F49="","",IF('Powder Charge Log'!$G$7="0.1 Mil",F49*10,IF('Powder Charge Log'!$G$7="0.05 Mil",F49*20,""))) | I49: =IF(H49="","",IF('Powder Charge Log'!$G$7="1/4 MOA",H49*4,IF('Powder Charge Log'!$G$7="1/8 MOA",H49*8,"")))
A50: 600 | C50: =IF(B50="","",IF('Powder Charge Log'!$G$7="0.1 Mil",B50*10,IF('Powder Charge Log'!$G$7="0.05 Mil",B50*20,""))) | E50: =IF(D50="","",IF('Powder Charge Log'!$G$7="1/4 MOA",D50*4,IF('Powder Charge Log'!$G$7="1/8 MOA",D50*8,""))) | G50: =IF(F50="","",IF('Powder Charge Log'!$G$7="0.1 Mil",F50*10,IF('Powder Charge Log'!$G$7="0.05 Mil",F50*20,""))) | I50: =IF(H50="","",IF('Powder Charge Log'!$G$7="1/4 MOA",H50*4,IF('Powder Charge Log'!$G$7="1/8 MOA",H50*8,"")))
A51: 700 | C51: =IF(B51="","",IF('Powder Charge Log'!$G$7="0.1 Mil",B51*10,IF('Powder Charge Log'!$G$7="0.05 Mil",B51*20,""))) | E51: =IF(D51="","",IF('Powder Charge Log'!$G$7="1/4 MOA",D51*4,IF('Powder Charge Log'!$G$7="1/8 MOA",D51*8,""))) | G51: =IF(F51="","",IF('Powder Charge Log'!$G$7="0.1 Mil",F51*10,IF('Powder Charge Log'!$G$7="0.05 Mil",F51*20,""))) | I51: =IF(H51="","",IF('Powder Charge Log'!$G$7="1/4 MOA",H51*4,IF('Powder Charge Log'!$G$7="1/8 MOA",H51*8,"")))
A52: 800 | C52: =IF(B52="","",IF('Powder Charge Log'!$G$7="0.1 Mil",B52*10,IF('Powder Charge Log'!$G$7="0.05 Mil",B52*20,""))) | E52: =IF(D52="","",IF('Powder Charge Log'!$G$7="1/4 MOA",D52*4,IF('Powder Charge Log'!$G$7="1/8 MOA",D52*8,""))) | G52: =IF(F52="","",IF('Powder Charge Log'!$G$7="0.1 Mil",F52*10,IF('Powder Charge Log'!$G$7="0.05 Mil",F52*20,""))) | I52: =IF(H52="","",IF('Powder Charge Log'!$G$7="1/4 MOA",H52*4,IF('Powder Charge Log'!$G$7="1/8 MOA",H52*8,"")))
A53: 900 | C53: =IF(B53="","",IF('Powder Charge Log'!$G$7="0.1 Mil",B53*10,IF('Powder Charge Log'!$G$7="0.05 Mil",B53*20,""))) | E53: =IF(D53="","",IF('Powder Charge Log'!$G$7="1/4 MOA",D53*4,IF('Powder Charge Log'!$G$7="1/8 MOA",D53*8,""))) | G53: =IF(F53="","",IF('Powder Charge Log'!$G$7="0.1 Mil",F53*10,IF('Powder Charge Log'!$G$7="0.05 Mil",F53*20,""))) | I53: =IF(H53="","",IF('Powder Charge Log'!$G$7="1/4 MOA",H53*4,IF('Powder Charge Log'!$G$7="1/8 MOA",H53*8,"")))
A54: 1000 | C54: =IF(B54="","",IF('Powder Charge Log'!$G$7="0.1 Mil",B54*10,IF('Powder Charge Log'!$G$7="0.05 Mil",B54*20,""))) | E54: =IF(D54="","",IF('Powder Charge Log'!$G$7="1/4 MOA",D54*4,IF('Powder Charge Log'!$G$7="1/8 MOA",D54*8,""))) | G54: =IF(F54="","",IF('Powder Charge Log'!$G$7="0.1 Mil",F54*10,IF('Powder Charge Log'!$G$7="0.05 Mil",F54*20,""))) | I54: =IF(H54="","",IF('Powder Charge Log'!$G$7="1/4 MOA",H54*4,IF('Powder Charge Log'!$G$7="1/8 MOA",H54*8,"")))
A58: =IF(IFERROR('Load Library'!C8,"")="","LOAD #4 — (empty — fill in Load Library row 8)","LOAD #4 — "&'Load Library'!C8) -> LOAD #4 — (empty — fill in Load Library row 8)
A59: Rifle: | B59: =IF(IFERROR('Load Library'!D8,"")="","",'Load Library'!D8) | D59: Bullet: | E59: =IF(IFERROR('Load Library'!E8,"")="","",'Load Library'!E8&" ("&'Load Library'!F8&"gr)") | G59: Charge: | H59: =IF(IFERROR('Load Library'!H8,"")="","",'Load Library'!H8&" gr "&'Load Library'!G8) | J59: Vel: | K59: =IF(IFERROR('Load Library'!M8,"")="","",'Load Library'!M8&" fps")
A60: Scope: | D60: Zero (yd): | E60: 100 | G60: Sight Ht (in): | H60: 1.75 | J60: Twist: | K60: 1:8 RH
A62: Range (yd) | B62: Mils — Elev | C62: Mil Clicks | D62: MOA — Elev | E62: MOA Clicks | F62: Wind Mils / 10 mph | G62: Wind Mil Clk | H62: Wind MOA / 10 mph | I62: Wind MOA Clk | J62: TOF (sec) | K62: Notes
A63: 100 | C63: =IF(B63="","",IF('Powder Charge Log'!$G$7="0.1 Mil",B63*10,IF('Powder Charge Log'!$G$7="0.05 Mil",B63*20,""))) | E63: =IF(D63="","",IF('Powder Charge Log'!$G$7="1/4 MOA",D63*4,IF('Powder Charge Log'!$G$7="1/8 MOA",D63*8,""))) | G63: =IF(F63="","",IF('Powder Charge Log'!$G$7="0.1 Mil",F63*10,IF('Powder Charge Log'!$G$7="0.05 Mil",F63*20,""))) | I63: =IF(H63="","",IF('Powder Charge Log'!$G$7="1/4 MOA",H63*4,IF('Powder Charge Log'!$G$7="1/8 MOA",H63*8,"")))
A64: 200 | C64: =IF(B64="","",IF('Powder Charge Log'!$G$7="0.1 Mil",B64*10,IF('Powder Charge Log'!$G$7="0.05 Mil",B64*20,""))) | E64: =IF(D64="","",IF('Powder Charge Log'!$G$7="1/4 MOA",D64*4,IF('Powder Charge Log'!$G$7="1/8 MOA",D64*8,""))) | G64: =IF(F64="","",IF('Powder Charge Log'!$G$7="0.1 Mil",F64*10,IF('Powder Charge Log'!$G$7="0.05 Mil",F64*20,""))) | I64: =IF(H64="","",IF('Powder Charge Log'!$G$7="1/4 MOA",H64*4,IF('Powder Charge Log'!$G$7="1/8 MOA",H64*8,"")))
A65: 300 | C65: =IF(B65="","",IF('Powder Charge Log'!$G$7="0.1 Mil",B65*10,IF('Powder Charge Log'!$G$7="0.05 Mil",B65*20,""))) | E65: =IF(D65="","",IF('Powder Charge Log'!$G$7="1/4 MOA",D65*4,IF('Powder Charge Log'!$G$7="1/8 MOA",D65*8,""))) | G65: =IF(F65="","",IF('Powder Charge Log'!$G$7="0.1 Mil",F65*10,IF('Powder Charge Log'!$G$7="0.05 Mil",F65*20,""))) | I65: =IF(H65="","",IF('Powder Charge Log'!$G$7="1/4 MOA",H65*4,IF('Powder Charge Log'!$G$7="1/8 MOA",H65*8,"")))
A66: 400 | C66: =IF(B66="","",IF('Powder Charge Log'!$G$7="0.1 Mil",B66*10,IF('Powder Charge Log'!$G$7="0.05 Mil",B66*20,""))) | E66: =IF(D66="","",IF('Powder Charge Log'!$G$7="1/4 MOA",D66*4,IF('Powder Charge Log'!$G$7="1/8 MOA",D66*8,""))) | G66: =IF(F66="","",IF('Powder Charge Log'!$G$7="0.1 Mil",F66*10,IF('Powder Charge Log'!$G$7="0.05 Mil",F66*20,""))) | I66: =IF(H66="","",IF('Powder Charge Log'!$G$7="1/4 MOA",H66*4,IF('Powder Charge Log'!$G$7="1/8 MOA",H66*8,"")))
A67: 500 | C67: =IF(B67="","",IF('Powder Charge Log'!$G$7="0.1 Mil",B67*10,IF('Powder Charge Log'!$G$7="0.05 Mil",B67*20,""))) | E67: =IF(D67="","",IF('Powder Charge Log'!$G$7="1/4 MOA",D67*4,IF('Powder Charge Log'!$G$7="1/8 MOA",D67*8,""))) | G67: =IF(F67="","",IF('Powder Charge Log'!$G$7="0.1 Mil",F67*10,IF('Powder Charge Log'!$G$7="0.05 Mil",F67*20,""))) | I67: =IF(H67="","",IF('Powder Charge Log'!$G$7="1/4 MOA",H67*4,IF('Powder Charge Log'!$G$7="1/8 MOA",H67*8,"")))
A68: 600 | C68: =IF(B68="","",IF('Powder Charge Log'!$G$7="0.1 Mil",B68*10,IF('Powder Charge Log'!$G$7="0.05 Mil",B68*20,""))) | E68: =IF(D68="","",IF('Powder Charge Log'!$G$7="1/4 MOA",D68*4,IF('Powder Charge Log'!$G$7="1/8 MOA",D68*8,""))) | G68: =IF(F68="","",IF('Powder Charge Log'!$G$7="0.1 Mil",F68*10,IF('Powder Charge Log'!$G$7="0.05 Mil",F68*20,""))) | I68: =IF(H68="","",IF('Powder Charge Log'!$G$7="1/4 MOA",H68*4,IF('Powder Charge Log'!$G$7="1/8 MOA",H68*8,"")))
A69: 700 | C69: =IF(B69="","",IF('Powder Charge Log'!$G$7="0.1 Mil",B69*10,IF('Powder Charge Log'!$G$7="0.05 Mil",B69*20,""))) | E69: =IF(D69="","",IF('Powder Charge Log'!$G$7="1/4 MOA",D69*4,IF('Powder Charge Log'!$G$7="1/8 MOA",D69*8,""))) | G69: =IF(F69="","",IF('Powder Charge Log'!$G$7="0.1 Mil",F69*10,IF('Powder Charge Log'!$G$7="0.05 Mil",F69*20,""))) | I69: =IF(H69="","",IF('Powder Charge Log'!$G$7="1/4 MOA",H69*4,IF('Powder Charge Log'!$G$7="1/8 MOA",H69*8,"")))
A70: 800 | C70: =IF(B70="","",IF('Powder Charge Log'!$G$7="0.1 Mil",B70*10,IF('Powder Charge Log'!$G$7="0.05 Mil",B70*20,""))) | E70: =IF(D70="","",IF('Powder Charge Log'!$G$7="1/4 MOA",D70*4,IF('Powder Charge Log'!$G$7="1/8 MOA",D70*8,""))) | G70: =IF(F70="","",IF('Powder Charge Log'!$G$7="0.1 Mil",F70*10,IF('Powder Charge Log'!$G$7="0.05 Mil",F70*20,""))) | I70: =IF(H70="","",IF('Powder Charge Log'!$G$7="1/4 MOA",H70*4,IF('Powder Charge Log'!$G$7="1/8 MOA",H70*8,"")))
A71: 900 | C71: =IF(B71="","",IF('Powder Charge Log'!$G$7="0.1 Mil",B71*10,IF('Powder Charge Log'!$G$7="0.05 Mil",B71*20,""))) | E71: =IF(D71="","",IF('Powder Charge Log'!$G$7="1/4 MOA",D71*4,IF('Powder Charge Log'!$G$7="1/8 MOA",D71*8,""))) | G71: =IF(F71="","",IF('Powder Charge Log'!$G$7="0.1 Mil",F71*10,IF('Powder Charge Log'!$G$7="0.05 Mil",F71*20,""))) | I71: =IF(H71="","",IF('Powder Charge Log'!$G$7="1/4 MOA",H71*4,IF('Powder Charge Log'!$G$7="1/8 MOA",H71*8,"")))
A72: 1000 | C72: =IF(B72="","",IF('Powder Charge Log'!$G$7="0.1 Mil",B72*10,IF('Powder Charge Log'!$G$7="0.05 Mil",B72*20,""))) | E72: =IF(D72="","",IF('Powder Charge Log'!$G$7="1/4 MOA",D72*4,IF('Powder Charge Log'!$G$7="1/8 MOA",D72*8,""))) | G72: =IF(F72="","",IF('Powder Charge Log'!$G$7="0.1 Mil",F72*10,IF('Powder Charge Log'!$G$7="0.05 Mil",F72*20,""))) | I72: =IF(H72="","",IF('Powder Charge Log'!$G$7="1/4 MOA",H72*4,IF('Powder Charge Log'!$G$7="1/8 MOA",H72*8,"")))
A76: =IF(IFERROR('Load Library'!C9,"")="","LOAD #5 — (empty — fill in Load Library row 9)","LOAD #5 — "&'Load Library'!C9) -> LOAD #5 — (empty — fill in Load Library row 9)
A77: Rifle: | B77: =IF(IFERROR('Load Library'!D9,"")="","",'Load Library'!D9) | D77: Bullet: | E77: =IF(IFERROR('Load Library'!E9,"")="","",'Load Library'!E9&" ("&'Load Library'!F9&"gr)") | G77: Charge: | H77: =IF(IFERROR('Load Library'!H9,"")="","",'Load Library'!H9&" gr "&'Load Library'!G9) | J77: Vel: | K77: =IF(IFERROR('Load Library'!M9,"")="","",'Load Library'!M9&" fps")
A78: Scope: | D78: Zero (yd): | E78: 100 | G78: Sight Ht (in): | H78: 1.75 | J78: Twist: | K78: 1:8 RH
A80: Range (yd) | B80: Mils — Elev | C80: Mil Clicks | D80: MOA — Elev | E80: MOA Clicks | F80: Wind Mils / 10 mph | G80: Wind Mil Clk | H80: Wind MOA / 10 mph | I80: Wind MOA Clk | J80: TOF (sec) | K80: Notes
A81: 100 | C81: =IF(B81="","",IF('Powder Charge Log'!$G$7="0.1 Mil",B81*10,IF('Powder Charge Log'!$G$7="0.05 Mil",B81*20,""))) | E81: =IF(D81="","",IF('Powder Charge Log'!$G$7="1/4 MOA",D81*4,IF('Powder Charge Log'!$G$7="1/8 MOA",D81*8,""))) | G81: =IF(F81="","",IF('Powder Charge Log'!$G$7="0.1 Mil",F81*10,IF('Powder Charge Log'!$G$7="0.05 Mil",F81*20,""))) | I81: =IF(H81="","",IF('Powder Charge Log'!$G$7="1/4 MOA",H81*4,IF('Powder Charge Log'!$G$7="1/8 MOA",H81*8,"")))
A82: 200 | C82: =IF(B82="","",IF('Powder Charge Log'!$G$7="0.1 Mil",B82*10,IF('Powder Charge Log'!$G$7="0.05 Mil",B82*20,""))) | E82: =IF(D82="","",IF('Powder Charge Log'!$G$7="1/4 MOA",D82*4,IF('Powder Charge Log'!$G$7="1/8 MOA",D82*8,""))) | G82: =IF(F82="","",IF('Powder Charge Log'!$G$7="0.1 Mil",F82*10,IF('Powder Charge Log'!$G$7="0.05 Mil",F82*20,""))) | I82: =IF(H82="","",IF('Powder Charge Log'!$G$7="1/4 MOA",H82*4,IF('Powder Charge Log'!$G$7="1/8 MOA",H82*8,"")))
A83: 300 | C83: =IF(B83="","",IF('Powder Charge Log'!$G$7="0.1 Mil",B83*10,IF('Powder Charge Log'!$G$7="0.05 Mil",B83*20,""))) | E83: =IF(D83="","",IF('Powder Charge Log'!$G$7="1/4 MOA",D83*4,IF('Powder Charge Log'!$G$7="1/8 MOA",D83*8,""))) | G83: =IF(F83="","",IF('Powder Charge Log'!$G$7="0.1 Mil",F83*10,IF('Powder Charge Log'!$G$7="0.05 Mil",F83*20,""))) | I83: =IF(H83="","",IF('Powder Charge Log'!$G$7="1/4 MOA",H83*4,IF('Powder Charge Log'!$G$7="1/8 MOA",H83*8,"")))
A84: 400 | C84: =IF(B84="","",IF('Powder Charge Log'!$G$7="0.1 Mil",B84*10,IF('Powder Charge Log'!$G$7="0.05 Mil",B84*20,""))) | E84: =IF(D84="","",IF('Powder Charge Log'!$G$7="1/4 MOA",D84*4,IF('Powder Charge Log'!$G$7="1/8 MOA",D84*8,""))) | G84: =IF(F84="","",IF('Powder Charge Log'!$G$7="0.1 Mil",F84*10,IF('Powder Charge Log'!$G$7="0.05 Mil",F84*20,""))) | I84: =IF(H84="","",IF('Powder Charge Log'!$G$7="1/4 MOA",H84*4,IF('Powder Charge Log'!$G$7="1/8 MOA",H84*8,"")))
A85: 500 | C85: =IF(B85="","",IF('Powder Charge Log'!$G$7="0.1 Mil",B85*10,IF('Powder Charge Log'!$G$7="0.05 Mil",B85*20,""))) | E85: =IF(D85="","",IF('Powder Charge Log'!$G$7="1/4 MOA",D85*4,IF('Powder Charge Log'!$G$7="1/8 MOA",D85*8,""))) | G85: =IF(F85="","",IF('Powder Charge Log'!$G$7="0.1 Mil",F85*10,IF('Powder Charge Log'!$G$7="0.05 Mil",F85*20,""))) | I85: =IF(H85="","",IF('Powder Charge Log'!$G$7="1/4 MOA",H85*4,IF('Powder Charge Log'!$G$7="1/8 MOA",H85*8,"")))
A86: 600 | C86: =IF(B86="","",IF('Powder Charge Log'!$G$7="0.1 Mil",B86*10,IF('Powder Charge Log'!$G$7="0.05 Mil",B86*20,""))) | E86: =IF(D86="","",IF('Powder Charge Log'!$G$7="1/4 MOA",D86*4,IF('Powder Charge Log'!$G$7="1/8 MOA",D86*8,""))) | G86: =IF(F86="","",IF('Powder Charge Log'!$G$7="0.1 Mil",F86*10,IF('Powder Charge Log'!$G$7="0.05 Mil",F86*20,""))) | I86: =IF(H86="","",IF('Powder Charge Log'!$G$7="1/4 MOA",H86*4,IF('Powder Charge Log'!$G$7="1/8 MOA",H86*8,"")))
A87: 700 | C87: =IF(B87="","",IF('Powder Charge Log'!$G$7="0.1 Mil",B87*10,IF('Powder Charge Log'!$G$7="0.05 Mil",B87*20,""))) | E87: =IF(D87="","",IF('Powder Charge Log'!$G$7="1/4 MOA",D87*4,IF('Powder Charge Log'!$G$7="1/8 MOA",D87*8,""))) | G87: =IF(F87="","",IF('Powder Charge Log'!$G$7="0.1 Mil",F87*10,IF('Powder Charge Log'!$G$7="0.05 Mil",F87*20,""))) | I87: =IF(H87="","",IF('Powder Charge Log'!$G$7="1/4 MOA",H87*4,IF('Powder Charge Log'!$G$7="1/8 MOA",H87*8,"")))
A88: 800 | C88: =IF(B88="","",IF('Powder Charge Log'!$G$7="0.1 Mil",B88*10,IF('Powder Charge Log'!$G$7="0.05 Mil",B88*20,""))) | E88: =IF(D88="","",IF('Powder Charge Log'!$G$7="1/4 MOA",D88*4,IF('Powder Charge Log'!$G$7="1/8 MOA",D88*8,""))) | G88: =IF(F88="","",IF('Powder Charge Log'!$G$7="0.1 Mil",F88*10,IF('Powder Charge Log'!$G$7="0.05 Mil",F88*20,""))) | I88: =IF(H88="","",IF('Powder Charge Log'!$G$7="1/4 MOA",H88*4,IF('Powder Charge Log'!$G$7="1/8 MOA",H88*8,"")))
A89: 900 | C89: =IF(B89="","",IF('Powder Charge Log'!$G$7="0.1 Mil",B89*10,IF('Powder Charge Log'!$G$7="0.05 Mil",B89*20,""))) | E89: =IF(D89="","",IF('Powder Charge Log'!$G$7="1/4 MOA",D89*4,IF('Powder Charge Log'!$G$7="1/8 MOA",D89*8,""))) | G89: =IF(F89="","",IF('Powder Charge Log'!$G$7="0.1 Mil",F89*10,IF('Powder Charge Log'!$G$7="0.05 Mil",F89*20,""))) | I89: =IF(H89="","",IF('Powder Charge Log'!$G$7="1/4 MOA",H89*4,IF('Powder Charge Log'!$G$7="1/8 MOA",H89*8,"")))
A90: 1000 | C90: =IF(B90="","",IF('Powder Charge Log'!$G$7="0.1 Mil",B90*10,IF('Powder Charge Log'!$G$7="0.05 Mil",B90*20,""))) | E90: =IF(D90="","",IF('Powder Charge Log'!$G$7="1/4 MOA",D90*4,IF('Powder Charge Log'!$G$7="1/8 MOA",D90*8,""))) | G90: =IF(F90="","",IF('Powder Charge Log'!$G$7="0.1 Mil",F90*10,IF('Powder Charge Log'!$G$7="0.05 Mil",F90*20,""))) | I90: =IF(H90="","",IF('Powder Charge Log'!$G$7="1/4 MOA",H90*4,IF('Powder Charge Log'!$G$7="1/8 MOA",H90*8,"")))

Sheet GarminSessions
A1: Tag | B1: ChargeOrJump | C1: Powder | D1: Date | E1: Shot1 | F1: Shot2 | G1: Shot3 | H1: Shot4 | I1: Shot5 | J1: Shot6 | K1: Shot7 | L1: Shot8 | M1: Shot9 | N1: Shot10 | O1: AvgVel | P1: SD | Q1: ES | R1: BulletWt | S1: AvgKE | T1: SessionTitle | U1: SessionNote
A2: P1 | B2: 41.5 | C2: H4350 | D2: 2026-04-12 | E2: 2710 | F2: 2718 | G2: 2705 | H2: 2720 | I2: 2715 | J2: 2712 | K2: 2722 | L2: 2708 | M2: 2716 | N2: 2724 | O2: 2715 | P2: 6.7 | Q2: 19 | R2: 140 | S2: 2293 | T2: 6.5 CM H4350 41.5gr | U2: Hornady brass, CCI BR-2 primer, 2.875 OAL
A3: P2 | B3: 41.8 | C3: H4350 | D3: 2026-04-12 | E3: 2732 | F3: 2748 | G3: 2725 | H3: 2740 | I3: 2738 | J3: 2734 | K3: 2742 | L3: 2728 | M3: 2736 | N3: 2747 | O3: 2737 | P3: 7.8 | Q3: 23 | R3: 140 | S3: 2330 | T3: 6.5 CM H4350 41.8gr | U3: Hornady brass, CCI BR-2 primer, 2.875 OAL
A4: P3 | B4: 42.1 | C4: H4350 | D4: 2026-04-12 | E4: 2755 | F4: 2762 | G4: 2750 | H4: 2768 | I4: 2760 | J4: 2758 | K4: 2765 | L4: 2752 | M4: 2760 | N4: 2770 | O4: 2760 | P4: 6.4 | Q4: 20 | R4: 140 | S4: 2369 | T4: 6.5 CM H4350 42.1gr | U4: Hornady brass, CCI BR-2 primer, 2.875 OAL
A5: P4 | B5: 42.4 | C5: H4350 | D5: 2026-04-12 | E5: 2778 | F5: 2782 | G5: 2776 | H5: 2784 | I5: 2780 | J5: 2779 | K5: 2782 | L5: 2778 | M5: 2780 | N5: 2781 | O5: 2780 | P5: 2.5 | Q5: 8 | R5: 140 | S5: 2402 | T5: 6.5 CM H4350 42.4gr (WINNER) | U5: Hornady brass, CCI BR-2 primer, 2.875 OAL
A6: P5 | B6: 42.7 | C6: H4350 | D6: 2026-04-12 | E6: 2798 | F6: 2805 | G6: 2795 | H6: 2812 | I6: 2800 | J6: 2802 | K6: 2806 | L6: 2796 | M6: 2802 | N6: 2810 | O6: 2803 | P6: 5.6 | Q6: 17 | R6: 140 | S6: 2443 | T6: 6.5 CM H4350 42.7gr | U6: Hornady brass, CCI BR-2 primer, 2.875 OAL
A7: S1 | B7: 0.005 | C7: H4350 | D7: 2026-04-26 | E7: 2782 | F7: 2778 | G7: 2780 | H7: 2784 | I7: 2780 | J7: 2778 | K7: 2782 | L7: 2780 | M7: 2784 | N7: 2782 | O7: 2781 | P7: 2.2 | Q7: 6 | R7: 140 | S7: 2404 | T7: Seating depth +0.005 jump | U7: 42.4gr H4350, same brass/primer as PL
A8: S2 | B8: 0.02 | C8: H4350 | D8: 2026-04-26 | E8: 2780 | F8: 2778 | G8: 2782 | H8: 2776 | I8: 2780 | J8: 2778 | K8: 2780 | L8: 2784 | M8: 2780 | N8: 2782 | O8: 2780 | P8: 2.4 | Q8: 8 | R8: 140 | S8: 2402 | T8: Seating depth +0.020 jump | U8: 42.4gr H4350, same brass/primer as PL
A9: S3 | B9: 0.035 | C9: H4350 | D9: 2026-04-26 | E9: 2780 | F9: 2781 | G9: 2780 | H9: 2782 | I9: 2780 | J9: 2780 | K9: 2782 | L9: 2780 | M9: 2780 | N9: 2781 | O9: 2780.6 | P9: 0.8 | Q9: 2 | R9: 140 | S9: 2403 | T9: Seating depth +0.035 jump (WINNER) | U9: 42.4gr H4350, same brass/primer as PL
A10: S4 | B10: 0.05 | C10: H4350 | D10: 2026-04-26 | E10: 2780 | F10: 2784 | G10: 2776 | H10: 2782 | I10: 2780 | J10: 2778 | K10: 2784 | L10: 2780 | M10: 2782 | N10: 2774 | O10: 2780 | P10: 3.4 | Q10: 10 | R10: 140 | S10: 2402 | T10: Seating depth +0.050 jump | U10: 42.4gr H4350, same brass/primer as PL
A11: S5 | B11: 0.065 | C11: H4350 | D11: 2026-04-26 | E11: 2780 | F11: 2786 | G11: 2774 | H11: 2784 | I11: 2776 | J11: 2782 | K11: 2772 | L11: 2786 | M11: 2776 | N11: 2784 | O11: 2780 | P11: 5.1 | Q11: 14 | R11: 140 | S11: 2402 | T11: Seating depth +0.065 jump | U11: 42.4gr H4350, same brass/primer as PL

Sheet BallisticXGroups
A1: Tag | B1: ChargeOrJump | C1: Powder | D1: Date | E1: Distance | F1: Caliber | G1: GroupIn | H1: WidthIn | I1: HeightIn | J1: MRIn | K1: CEPIn | L1: SDRadIn | M1: SDVertIn | N1: SDHorizIn | O1: ElevOffsetIn | P1: WindOffsetIn | Q1: Label
A2: P1 | B2: 41.5 | C2: H4350 | D2: 2026-04-12 | E2: 100 | F2: 6.5mm | G2: 0.62 | H2: 0.58 | I2: 0.55 | J2: 0.31 | K2: 0.28 | L2: 0.18 | M2: 0.2 | N2: 0.22 | O2: 0 | P2: 0 | Q2: 41.5gr
A3: P2 | B3: 41.8 | C3: H4350 | D3: 2026-04-12 | E3: 100 | F3: 6.5mm | G3: 0.81 | H3: 0.76 | I3: 0.72 | J3: 0.42 | K3: 0.38 | L3: 0.24 | M3: 0.26 | N3: 0.28 | O3: 0 | P3: 0 | Q3: 41.8gr
A4: P3 | B4: 42.1 | C4: H4350 | D4: 2026-04-12 | E4: 100 | F4: 6.5mm | G4: 0.45 | H4: 0.42 | I4: 0.4 | J4: 0.22 | K4: 0.2 | L4: 0.13 | M4: 0.14 | N4: 0.15 | O4: 0 | P4: 0 | Q4: 42.1gr
A5: P4 | B5: 42.4 | C5: H4350 | D5: 2026-04-12 | E5: 100 | F5: 6.5mm | G5: 0.38 | H5: 0.34 | I5: 0.32 | J5: 0.18 | K5: 0.16 | L5: 0.11 | M5: 0.12 | N5: 0.13 | O5: 0 | P5: 0 | Q5: 42.4gr (WINNER)
A6: P5 | B6: 42.7 | C6: H4350 | D6: 2026-04-12 | E6: 100 | F6: 6.5mm | G6: 0.58 | H6: 0.55 | I6: 0.52 | J6: 0.29 | K6: 0.26 | L6: 0.17 | M6: 0.18 | N6: 0.19 | O6: 0 | P6: 0 | Q6: 42.7gr
A7: S1 | B7: 0.005 | C7: H4350 | D7: 2026-04-26 | E7: 100 | F7: 6.5mm | G7: 0.55 | H7: 0.52 | I7: 0.48 | J7: 0.27 | K7: 0.24 | L7: 0.16 | M7: 0.17 | N7: 0.18 | O7: 0 | P7: 0 | Q7: +0.005
A8: S2 | B8: 0.02 | C8: H4350 | D8: 2026-04-26 | E8: 100 | F8: 6.5mm | G8: 0.41 | H8: 0.38 | I8: 0.36 | J8: 0.21 | K8: 0.19 | L8: 0.12 | M8: 0.13 | N8: 0.14 | O8: 0 | P8: 0 | Q8: +0.020
A9: S3 | B9: 0.035 | C9: H4350 | D9: 2026-04-26 | E9: 100 | F9: 6.5mm | G9: 0.32 | H9: 0.29 | I9: 0.27 | J9: 0.16 | K9: 0.14 | L9: 0.1 | M9: 0.1 | N9: 0.11 | O9: 0 | P9: 0 | Q9: +0.035 (WINNER)
A10: S4 | B10: 0.05 | C10: H4350 | D10: 2026-04-26 | E10: 100 | F10: 6.5mm | G10: 0.48 | H10: 0.45 | I10: 0.42 | J10: 0.24 | K10: 0.22 | L10: 0.14 | M10: 0.15 | N10: 0.16 | O10: 0 | P10: 0 | Q10: +0.050
A11: S5 | B11: 0.065 | C11: H4350 | D11: 2026-04-26 | E11: 100 | F11: 6.5mm | G11: 0.62 | H11: 0.58 | I11: 0.55 | J11: 0.31 | K11: 0.28 | L11: 0.18 | M11: 0.19 | N11: 0.21 | O11: 0 | P11: 0 | Q11: +0.065
